fd,mu_plus,rfi_prime_plus,g3,g3_prime,mu_plus_is_key,rfi_prime_plus_rfi
['voter_id']->voter_reg_num,1.0,1.0,1.0,1.0,False,0.00020072653336455915
['voter_id']->last_name,1.0,1.0,1.0,1.0,False,0.00022067359236299655
['voter_id']->first_name,1.0,1.0,1.0,1.0,False,0.00024164030249462787
['voter_id']->register_date,1.0,1.0,1.0,1.0,False,0.0003121469830604795
['voter_id']->zip_code,1.0,1.0,1.0,1.0,False,0.0002856756849223263
['voter_id']->city,1.0,1.0,1.0,1.0,False,0.0003013719306523832
['voter_id']->age,1.0,1.0,1.0,1.0,False,0.00038632635205537724
['voter_id']->birth_place,0.0,1.0,1.0,1.0,False,0.0005734161091399681
['voter_id']->race,1.0,1.0,1.0,1.0,False,0.000642508304779299
['voter_id']->name_suffix,0.0,1.0,1.0,1.0,False,0.00036333627455242823
['voter_id']->gender,1.0,1.0,1.0,1.0,False,0.0009682165175473045
['voter_id']->ethnic,1.0,1.0,1.0,1.0,False,0.0006468940427514225
['voter_id']->name_prefix,0.0,1.0,1.0,1.0,False,0.00037382201746860577
"['street_address', 'voter_id']->middle_name",1.0,1.0,1.0,1.0,True,-2.2730706206175455e-12
"['street_address', 'voter_id']->full_phone_num",1.0,1.0,1.0,1.0,True,6.7231775702225605e-12
"['street_address', 'voter_id']->download_month",1.0,1.0,1.0,1.0,True,-3.5083047578154947e-14
"['middle_name', 'voter_id']->street_address",1.0,1.0,1.0,1.0,True,0.14899999999248625
"['middle_name', 'voter_id']->full_phone_num",1.0,1.0,1.0,1.0,True,0.1490000000040791
"['middle_name', 'voter_id']->download_month",1.0,1.0,1.0,1.0,True,0.1489999999999736
"['full_phone_num', 'voter_id']->street_address",1.0,1.0,1.0,1.0,True,0.6120000000030494
"['full_phone_num', 'voter_id']->middle_name",1.0,1.0,1.0,1.0,True,0.6120000000006709
"['full_phone_num', 'voter_id']->download_month",1.0,1.0,1.0,1.0,True,0.611999999999997
"['download_month', 'voter_id']->street_address",1.0,1.0,1.0,1.0,True,-1.1158629575902523e-11
"['download_month', 'voter_id']->middle_name",1.0,1.0,1.0,1.0,True,-2.2730706206175455e-12
"['download_month', 'voter_id']->full_phone_num",1.0,1.0,1.0,1.0,True,6.7231775702225605e-12
['voter_reg_num']->voter_id,1.0,1.0,1.0,1.0,False,0.00020072653336455915
['voter_reg_num']->last_name,1.0,1.0,1.0,1.0,False,0.00022067359236299655
['voter_reg_num']->first_name,1.0,1.0,1.0,1.0,False,0.00024164030249462787
['voter_reg_num']->register_date,1.0,1.0,1.0,1.0,False,0.0003121469830604795
['voter_reg_num']->zip_code,1.0,1.0,1.0,1.0,False,0.0002856756849223263
['voter_reg_num']->city,1.0,1.0,1.0,1.0,False,0.0003013719306523832
['voter_reg_num']->age,1.0,1.0,1.0,1.0,False,0.00038632635205537724
['voter_reg_num']->birth_place,0.0,1.0,1.0,1.0,False,0.0005734161091399681
['voter_reg_num']->race,1.0,1.0,1.0,1.0,False,0.000642508304779299
['voter_reg_num']->name_suffix,0.0,1.0,1.0,1.0,False,0.00036333627455242823
['voter_reg_num']->gender,1.0,1.0,1.0,1.0,False,0.0009682165175473045
['voter_reg_num']->ethnic,1.0,1.0,1.0,1.0,False,0.0006468940427514225
['voter_reg_num']->name_prefix,0.0,1.0,1.0,1.0,False,0.00037382201746860577
"['street_address', 'voter_reg_num']->middle_name",1.0,1.0,1.0,1.0,True,-2.2730706206175455e-12
"['street_address', 'voter_reg_num']->full_phone_num",1.0,1.0,1.0,1.0,True,6.7231775702225605e-12
"['street_address', 'voter_reg_num']->download_month",1.0,1.0,1.0,1.0,True,-3.5083047578154947e-14
"['middle_name', 'voter_reg_num']->street_address",1.0,1.0,1.0,1.0,True,0.14899999999248625
"['middle_name', 'voter_reg_num']->full_phone_num",1.0,1.0,1.0,1.0,True,0.1490000000040791
"['middle_name', 'voter_reg_num']->download_month",1.0,1.0,1.0,1.0,True,0.1489999999999736
"['full_phone_num', 'voter_reg_num']->street_address",1.0,1.0,1.0,1.0,True,0.6120000000030494
"['full_phone_num', 'voter_reg_num']->middle_name",1.0,1.0,1.0,1.0,True,0.6120000000006709
"['full_phone_num', 'voter_reg_num']->download_month",1.0,1.0,1.0,1.0,True,0.611999999999997
"['download_month', 'voter_reg_num']->street_address",1.0,1.0,1.0,1.0,True,-1.1158629575902523e-11
"['download_month', 'voter_reg_num']->middle_name",1.0,1.0,1.0,1.0,True,-2.2730706206175455e-12
"['download_month', 'voter_reg_num']->full_phone_num",1.0,1.0,1.0,1.0,True,6.7231775702225605e-12
['street_address']->zip_code,1.0,1.0,1.0,1.0,False,0.012382040589480336
['street_address']->city,1.0,1.0,1.0,1.0,False,0.013055109859034797
"['last_name', 'street_address']->race",1.0,1.0,1.0,1.0,False,0.01991775744744706
"['last_name', 'middle_name', 'street_address']->age",0.0,1.0,1.0,1.0,False,0.1493863263522146
"['last_name', 'middle_name', 'register_date', 'street_address']->voter_id",1.0,1.0,1.0,1.0,True,0.14899999999200264
"['last_name', 'middle_name', 'register_date', 'street_address']->voter_reg_num",1.0,1.0,1.0,1.0,True,0.14899999999200264
"['gender', 'last_name', 'middle_name', 'street_address']->voter_id",1.0,1.0,1.0,1.0,True,0.14899999999200264
"['gender', 'last_name', 'middle_name', 'street_address']->voter_reg_num",1.0,1.0,1.0,1.0,True,0.14899999999200264
"['gender', 'last_name', 'middle_name', 'street_address']->first_name",1.0,1.0,1.0,1.0,True,0.14899999999877378
"['last_name', 'middle_name', 'name_prefix', 'street_address']->voter_id",1.0,1.0,1.0,1.0,True,0.9729999999999989
"['last_name', 'middle_name', 'name_prefix', 'street_address']->voter_reg_num",1.0,1.0,1.0,1.0,True,0.9729999999999989
"['last_name', 'middle_name', 'name_prefix', 'street_address']->first_name",1.0,1.0,1.0,1.0,True,0.972999999999997
"['gender', 'last_name', 'register_date', 'street_address']->voter_id",1.0,1.0,1.0,1.0,True,-1.1782130826532011e-11
"['gender', 'last_name', 'register_date', 'street_address']->voter_reg_num",1.0,1.0,1.0,1.0,True,-1.1782130826532011e-11
"['gender', 'last_name', 'register_date', 'street_address']->first_name",1.0,1.0,1.0,1.0,True,-2.6489921367556235e-12
"['gender', 'last_name', 'register_date', 'street_address']->middle_name",1.0,1.0,1.0,1.0,True,-2.2730706206175455e-12
"['gender', 'last_name', 'register_date', 'street_address']->age",1.0,1.0,1.0,1.0,True,3.3306690738754696e-13
"['age', 'last_name', 'street_address']->full_phone_num",0.0,1.0,1.0,1.0,False,0.0017296555915334855
"['age', 'gender', 'last_name', 'street_address']->voter_id",1.0,1.0,1.0,1.0,True,-1.1782130826532011e-11
"['age', 'gender', 'last_name', 'street_address']->voter_reg_num",1.0,1.0,1.0,1.0,True,-1.1782130826532011e-11
"['age', 'gender', 'last_name', 'street_address']->first_name",1.0,1.0,1.0,1.0,True,-2.6489921367556235e-12
"['age', 'gender', 'last_name', 'street_address']->middle_name",1.0,1.0,1.0,1.0,True,-2.2730706206175455e-12
"['age', 'gender', 'last_name', 'street_address']->register_date",1.0,1.0,1.0,1.0,True,-9.463541061904834e-13
"['gender', 'last_name', 'street_address']->full_phone_num",0.0,1.0,1.0,1.0,False,0.00021620695482604813
"['gender', 'last_name', 'street_address']->birth_place",0.0,1.0,1.0,1.0,False,0.0005734161091399681
"['gender', 'last_name', 'street_address']->download_month",1.0,1.0,1.0,1.0,False,0.0009383645935336915
"['gender', 'last_name', 'street_address']->ethnic",1.0,1.0,1.0,1.0,False,0.0006468940427514225
"['first_name', 'street_address']->voter_id",1.0,1.0,1.0,1.0,True,-1.1782130826532011e-11
"['first_name', 'street_address']->voter_reg_num",1.0,1.0,1.0,1.0,True,-1.1782130826532011e-11
"['first_name', 'street_address']->last_name",1.0,1.0,1.0,1.0,True,-5.84976511674995e-12
"['first_name', 'street_address']->middle_name",1.0,1.0,1.0,1.0,True,-2.2730706206175455e-12
"['first_name', 'street_address']->full_phone_num",1.0,1.0,1.0,1.0,True,6.7231775702225605e-12
"['first_name', 'street_address']->register_date",1.0,1.0,1.0,1.0,True,-9.463541061904834e-13
"['first_name', 'street_address']->age",1.0,1.0,1.0,1.0,True,3.3306690738754696e-13
"['first_name', 'street_address']->birth_place",1.0,1.0,1.0,1.0,True,1.6542323066914832e-14
"['first_name', 'street_address']->download_month",1.0,1.0,1.0,1.0,True,-3.5083047578154947e-14
"['first_name', 'street_address']->race",1.0,1.0,1.0,1.0,True,2.3647750424515834e-14
"['first_name', 'street_address']->name_suffix",1.0,1.0,1.0,1.0,True,-3.552713678800501e-15
"['first_name', 'street_address']->gender",1.0,1.0,1.0,1.0,True,2.5868196473766147e-14
"['first_name', 'street_address']->ethnic",1.0,1.0,1.0,1.0,True,-1.2212453270876722e-14
"['first_name', 'street_address']->name_prefix",1.0,1.0,1.0,1.0,True,2.0317081350640365e-14
"['middle_name', 'street_address']->full_phone_num",0.0,1.0,1.0,1.0,False,0.14921620695218196
"['middle_name', 'street_address']->birth_place",0.0,1.0,1.0,1.0,False,0.1495734161091451
"['middle_name', 'street_address']->download_month",0.0,1.0,1.0,1.0,False,0.14993836459354226
"['middle_name', 'street_address']->race",0.0,1.0,1.0,1.0,False,0.1496425083047751
"['middle_name', 'street_address']->name_suffix",0.0,1.0,1.0,1.0,False,0.14936333627455622
"['middle_name', 'street_address']->ethnic",0.0,1.0,1.0,1.0,False,0.14964689404277043
"['middle_name', 'register_date', 'street_address']->gender",0.0,1.0,1.0,1.0,False,0.1490000000000179
"['middle_name', 'register_date', 'street_address']->name_prefix",0.0,1.0,1.0,1.0,False,0.14900000000001423
"['age', 'middle_name', 'register_date', 'street_address']->voter_id",1.0,1.0,1.0,1.0,True,0.14899999999200264
"['age', 'middle_name', 'register_date', 'street_address']->voter_reg_num",1.0,1.0,1.0,1.0,True,0.14899999999200264
"['age', 'middle_name', 'register_date', 'street_address']->first_name",1.0,1.0,1.0,1.0,True,0.14899999999877378
"['age', 'middle_name', 'street_address']->last_name",0.0,1.0,1.0,1.0,False,0.14922067359495517
"['age', 'gender', 'middle_name', 'street_address']->voter_id",1.0,1.0,1.0,1.0,True,0.14899999999200264
"['age', 'gender', 'middle_name', 'street_address']->voter_reg_num",1.0,1.0,1.0,1.0,True,0.14899999999200264
"['age', 'gender', 'middle_name', 'street_address']->first_name",1.0,1.0,1.0,1.0,True,0.14899999999877378
"['age', 'middle_name', 'name_prefix', 'street_address']->voter_id",1.0,1.0,1.0,1.0,True,0.9729999999999989
"['age', 'middle_name', 'name_prefix', 'street_address']->voter_reg_num",1.0,1.0,1.0,1.0,True,0.9729999999999989
"['age', 'middle_name', 'name_prefix', 'street_address']->first_name",1.0,1.0,1.0,1.0,True,0.972999999999997
"['gender', 'middle_name', 'street_address']->register_date",0.0,1.0,1.0,1.0,False,0.149000000000446
"['middle_name', 'name_prefix', 'street_address']->register_date",0.0,1.0,1.0,1.0,False,0.972999999999998
"['middle_name', 'name_prefix', 'street_address']->gender",0.0,1.0,1.0,1.0,False,0.973
"['full_phone_num', 'street_address']->race",0.0,1.0,1.0,1.0,False,0.61585504982854
"['age', 'full_phone_num', 'street_address']->last_name",0.0,1.0,1.0,1.0,False,0.6124413471981723
"['age', 'full_phone_num', 'gender', 'street_address']->voter_id",1.0,1.0,1.0,1.0,True,0.6120000000031642
"['age', 'full_phone_num', 'gender', 'street_address']->voter_reg_num",1.0,1.0,1.0,1.0,True,0.6120000000031642
"['age', 'full_phone_num', 'gender', 'street_address']->first_name",1.0,1.0,1.0,1.0,True,0.6120000000010125
"['age', 'full_phone_num', 'gender', 'street_address']->middle_name",1.0,1.0,1.0,1.0,True,0.6120000000006709
"['age', 'full_phone_num', 'gender', 'street_address']->register_date",1.0,1.0,1.0,1.0,True,0.6120000000002196
"['full_phone_num', 'gender', 'street_address']->download_month",0.0,1.0,1.0,1.0,False,0.611999999999997
"['full_phone_num', 'gender', 'street_address']->ethnic",0.0,1.0,1.0,1.0,False,0.6119999999999931
"['register_date', 'street_address']->race",1.0,1.0,1.0,1.0,False,0.012850166095135673
"['age', 'register_date', 'street_address']->last_name",1.0,1.0,1.0,1.0,False,0.0004413471905772015
"['age', 'register_date', 'street_address']->full_phone_num",0.0,1.0,1.0,1.0,False,0.0004324139029270313
"['age', 'register_date', 'street_address']->birth_place",0.0,1.0,1.0,1.0,False,0.00114683221826406
"['age', 'register_date', 'street_address']->name_suffix",0.0,1.0,1.0,1.0,False,0.0007266725491081871
"['age', 'register_date', 'street_address']->ethnic",1.0,1.0,1.0,1.0,False,0.0012937880855152795
"['age', 'download_month', 'register_date', 'street_address']->voter_id",1.0,1.0,1.0,1.0,True,-1.1782130826532011e-11
"['age', 'download_month', 'register_date', 'street_address']->voter_reg_num",1.0,1.0,1.0,1.0,True,-1.1782130826532011e-11
"['age', 'download_month', 'register_date', 'street_address']->first_name",1.0,1.0,1.0,1.0,True,-2.6489921367556235e-12
"['age', 'download_month', 'register_date', 'street_address']->middle_name",1.0,1.0,1.0,1.0,True,-2.2730706206175455e-12
"['age', 'download_month', 'register_date', 'street_address']->gender",1.0,1.0,1.0,1.0,True,2.5868196473766147e-14
"['age', 'gender', 'register_date', 'street_address']->voter_id",1.0,1.0,1.0,1.0,True,-1.1782130826532011e-11
"['age', 'gender', 'register_date', 'street_address']->voter_reg_num",1.0,1.0,1.0,1.0,True,-1.1782130826532011e-11
"['age', 'gender', 'register_date', 'street_address']->first_name",1.0,1.0,1.0,1.0,True,-2.6489921367556235e-12
"['age', 'gender', 'register_date', 'street_address']->middle_name",1.0,1.0,1.0,1.0,True,-2.2730706206175455e-12
"['birth_place', 'gender', 'register_date', 'street_address']->middle_name",0.0,1.0,1.0,1.0,False,0.17424920096193453
"['download_month', 'register_date', 'street_address']->ethnic",1.0,1.0,1.0,1.0,False,0.006468940427624914
"['download_month', 'register_date', 'street_address']->name_prefix",0.0,1.0,1.0,1.0,False,0.003738220174502205
"['name_suffix', 'register_date', 'street_address']->ethnic",0.0,1.0,1.0,1.0,False,0.9550000000000001
"['gender', 'register_date', 'street_address']->full_phone_num",0.0,1.0,1.0,1.0,False,0.0004324139029270313
"['gender', 'register_date', 'street_address']->download_month",1.0,1.0,1.0,1.0,False,0.001876729187102244
"['gender', 'register_date', 'street_address']->ethnic",1.0,1.0,1.0,1.0,False,0.0012937880855152795
"['ethnic', 'register_date', 'street_address']->name_suffix",0.0,1.0,1.0,1.0,False,0.00690338921655731
"['age', 'download_month', 'street_address']->birth_place",0.0,1.0,1.0,1.0,False,0.0017202483273874858
"['age', 'download_month', 'gender', 'street_address']->voter_id",1.0,1.0,1.0,1.0,True,-1.1782130826532011e-11
"['age', 'download_month', 'gender', 'street_address']->voter_reg_num",1.0,1.0,1.0,1.0,True,-1.1782130826532011e-11
"['age', 'download_month', 'gender', 'street_address']->last_name",1.0,1.0,1.0,1.0,True,-5.84976511674995e-12
"['age', 'download_month', 'gender', 'street_address']->first_name",1.0,1.0,1.0,1.0,True,-2.6489921367556235e-12
"['age', 'download_month', 'gender', 'street_address']->middle_name",1.0,1.0,1.0,1.0,True,-2.2730706206175455e-12
"['age', 'download_month', 'gender', 'street_address']->full_phone_num",1.0,1.0,1.0,1.0,True,6.7231775702225605e-12
"['age', 'download_month', 'gender', 'street_address']->register_date",1.0,1.0,1.0,1.0,True,-9.463541061904834e-13
"['age', 'download_month', 'ethnic', 'street_address']->last_name",1.0,1.0,1.0,1.0,False,0.00022067359236299655
"['age', 'download_month', 'ethnic', 'street_address']->middle_name",0.0,1.0,1.0,1.0,False,0.00024920095978775425
"['age', 'download_month', 'ethnic', 'street_address']->full_phone_num",0.0,1.0,1.0,1.0,False,0.00021620695482604813
"['age', 'download_month', 'ethnic', 'name_prefix', 'street_address']->voter_id",1.0,1.0,1.0,1.0,True,0.9729999999999989
"['age', 'download_month', 'ethnic', 'name_prefix', 'street_address']->voter_reg_num",1.0,1.0,1.0,1.0,True,0.9729999999999989
"['age', 'download_month', 'ethnic', 'name_prefix', 'street_address']->first_name",1.0,1.0,1.0,1.0,True,0.972999999999997
"['age', 'download_month', 'ethnic', 'name_prefix', 'street_address']->register_date",1.0,1.0,1.0,1.0,True,0.972999999999998
"['age', 'download_month', 'ethnic', 'name_prefix', 'street_address']->gender",1.0,1.0,1.0,1.0,True,0.973
"['age', 'race', 'street_address']->last_name",1.0,1.0,1.0,1.0,False,0.0017653887798722012
"['age', 'race', 'street_address']->full_phone_num",0.0,1.0,1.0,1.0,False,0.0017296555915334855
"['age', 'gender', 'race', 'street_address']->voter_id",1.0,1.0,1.0,1.0,True,-1.1782130826532011e-11
"['age', 'gender', 'race', 'street_address']->voter_reg_num",1.0,1.0,1.0,1.0,True,-1.1782130826532011e-11
"['age', 'gender', 'race', 'street_address']->first_name",1.0,1.0,1.0,1.0,True,-2.6489921367556235e-12
"['age', 'gender', 'race', 'street_address']->middle_name",1.0,1.0,1.0,1.0,True,-2.2730706206175455e-12
"['age', 'gender', 'race', 'street_address']->register_date",1.0,1.0,1.0,1.0,True,-9.463541061904834e-13
"['age', 'gender', 'race', 'street_address']->download_month",1.0,1.0,1.0,1.0,True,-3.5083047578154947e-14
"['age', 'gender', 'street_address']->birth_place",0.0,1.0,1.0,1.0,False,0.0005734161091399681
"['age', 'gender', 'street_address']->ethnic",1.0,1.0,1.0,1.0,False,0.0006468940427514225
"['download_month', 'street_address']->name_suffix",0.0,1.0,1.0,1.0,False,0.008124950668121245
"['download_month', 'gender', 'street_address']->race",1.0,1.0,1.0,1.0,False,0.003855049828557222
"['download_month', 'gender', 'street_address']->ethnic",1.0,1.0,1.0,1.0,False,0.0038813642565701523
"['download_month', 'ethnic', 'street_address']->race",1.0,1.0,1.0,1.0,False,0.012897593489882064
"['gender', 'race', 'street_address']->ethnic",1.0,1.0,1.0,1.0,False,0.004572223008224685
"['gender', 'street_address']->name_suffix",0.0,1.0,1.0,1.0,False,0.003401579098895491
"['gender', 'street_address']->name_prefix",0.0,1.0,1.0,1.0,False,0.003499431959536059
"['first_name', 'last_name']->name_suffix",0.0,1.0,1.0,1.0,False,0.0036333627455548134
"['first_name', 'last_name']->gender",1.0,1.0,1.0,1.0,False,0.009682165175239787
"['first_name', 'last_name']->name_prefix",0.0,1.0,1.0,1.0,False,0.003738220174502205
"['first_name', 'last_name', 'middle_name']->full_phone_num",0.0,1.0,1.0,1.0,False,0.14921620695218196
"['first_name', 'last_name', 'middle_name']->register_date",0.0,1.0,1.0,1.0,False,0.14931214698445294
"['first_name', 'last_name', 'middle_name']->race",0.0,1.0,1.0,1.0,False,0.1496425083047751
"['first_name', 'last_name', 'middle_name', 'zip_code']->voter_id",1.0,1.0,1.0,1.0,True,0.14899999999200264
"['first_name', 'last_name', 'middle_name', 'zip_code']->voter_reg_num",1.0,1.0,1.0,1.0,True,0.14899999999200264
"['first_name', 'last_name', 'middle_name', 'zip_code']->street_address",1.0,1.0,1.0,1.0,True,0.14899999999248625
"['first_name', 'last_name', 'middle_name', 'zip_code']->age",1.0,1.0,1.0,1.0,True,0.1490000000004923
"['first_name', 'last_name', 'middle_name', 'zip_code']->download_month",1.0,1.0,1.0,1.0,True,0.1489999999999736
"['city', 'first_name', 'last_name', 'middle_name']->voter_id",1.0,1.0,1.0,1.0,True,0.14899999999200264
"['city', 'first_name', 'last_name', 'middle_name']->voter_reg_num",1.0,1.0,1.0,1.0,True,0.14899999999200264
"['city', 'first_name', 'last_name', 'middle_name']->street_address",1.0,1.0,1.0,1.0,True,0.14899999999248625
"['city', 'first_name', 'last_name', 'middle_name']->age",1.0,1.0,1.0,1.0,True,0.1490000000004923
"['city', 'first_name', 'last_name', 'middle_name']->download_month",1.0,1.0,1.0,1.0,True,0.1489999999999736
"['birth_place', 'first_name', 'last_name', 'middle_name']->voter_id",1.0,1.0,1.0,1.0,True,0.2879999999955333
"['birth_place', 'first_name', 'last_name', 'middle_name']->voter_reg_num",1.0,1.0,1.0,1.0,True,0.2879999999955333
"['birth_place', 'first_name', 'last_name', 'middle_name']->street_address",1.0,1.0,1.0,1.0,True,0.2879999999958778
"['birth_place', 'first_name', 'last_name', 'middle_name']->zip_code",1.0,1.0,1.0,1.0,True,0.2880000000006352
"['birth_place', 'first_name', 'last_name', 'middle_name']->city",1.0,1.0,1.0,1.0,True,0.28800000000077
"['birth_place', 'first_name', 'last_name', 'middle_name']->age",1.0,1.0,1.0,1.0,True,0.2880000000003855
"['birth_place', 'first_name', 'last_name', 'middle_name']->download_month",1.0,1.0,1.0,1.0,True,0.2879999999999817
"['birth_place', 'first_name', 'last_name', 'middle_name']->ethnic",1.0,1.0,1.0,1.0,True,0.28800000000000825
"['download_month', 'first_name', 'last_name', 'middle_name']->voter_id",1.0,1.0,1.0,1.0,True,0.14899999999200264
"['download_month', 'first_name', 'last_name', 'middle_name']->voter_reg_num",1.0,1.0,1.0,1.0,True,0.14899999999200264
"['download_month', 'first_name', 'last_name', 'middle_name']->street_address",1.0,1.0,1.0,1.0,True,0.14899999999248625
"['download_month', 'first_name', 'last_name', 'middle_name']->zip_code",1.0,1.0,1.0,1.0,True,0.14900000000014169
"['download_month', 'first_name', 'last_name', 'middle_name']->city",1.0,1.0,1.0,1.0,True,0.14900000000029434
"['download_month', 'first_name', 'last_name', 'middle_name']->age",1.0,1.0,1.0,1.0,True,0.1490000000004923
"['download_month', 'first_name', 'last_name', 'middle_name']->birth_place",1.0,1.0,1.0,1.0,True,0.14900000000002167
"['download_month', 'first_name', 'last_name', 'middle_name']->ethnic",1.0,1.0,1.0,1.0,True,0.1490000000000068
"['ethnic', 'first_name', 'last_name', 'middle_name']->voter_id",1.0,1.0,1.0,1.0,True,0.14899999999200264
"['ethnic', 'first_name', 'last_name', 'middle_name']->voter_reg_num",1.0,1.0,1.0,1.0,True,0.14899999999200264
"['ethnic', 'first_name', 'last_name', 'middle_name']->street_address",1.0,1.0,1.0,1.0,True,0.14899999999248625
"['ethnic', 'first_name', 'last_name', 'middle_name']->zip_code",1.0,1.0,1.0,1.0,True,0.14900000000014169
"['ethnic', 'first_name', 'last_name', 'middle_name']->city",1.0,1.0,1.0,1.0,True,0.14900000000029434
"['ethnic', 'first_name', 'last_name', 'middle_name']->age",1.0,1.0,1.0,1.0,True,0.1490000000004923
"['ethnic', 'first_name', 'last_name', 'middle_name']->birth_place",1.0,1.0,1.0,1.0,True,0.14900000000002167
"['ethnic', 'first_name', 'last_name', 'middle_name']->download_month",1.0,1.0,1.0,1.0,True,0.1489999999999736
"['first_name', 'full_phone_num', 'last_name']->race",0.0,1.0,1.0,1.0,False,0.6120000000000064
"['first_name', 'full_phone_num', 'last_name', 'zip_code']->voter_id",1.0,1.0,1.0,1.0,True,0.6120000000031642
"['first_name', 'full_phone_num', 'last_name', 'zip_code']->voter_reg_num",1.0,1.0,1.0,1.0,True,0.6120000000031642
"['first_name', 'full_phone_num', 'last_name', 'zip_code']->street_address",1.0,1.0,1.0,1.0,True,0.6120000000030494
"['first_name', 'full_phone_num', 'last_name', 'zip_code']->middle_name",1.0,1.0,1.0,1.0,True,0.6120000000006709
"['first_name', 'full_phone_num', 'last_name', 'zip_code']->age",1.0,1.0,1.0,1.0,True,0.6119999999999435
"['first_name', 'full_phone_num', 'last_name', 'zip_code']->download_month",1.0,1.0,1.0,1.0,True,0.611999999999997
"['age', 'first_name', 'full_phone_num', 'last_name']->street_address",1.0,1.0,1.0,1.0,True,0.6120000000030494
"['age', 'first_name', 'full_phone_num', 'last_name']->middle_name",1.0,1.0,1.0,1.0,True,0.6120000000006709
"['age', 'first_name', 'full_phone_num', 'last_name']->download_month",1.0,1.0,1.0,1.0,True,0.611999999999997
"['download_month', 'first_name', 'full_phone_num', 'last_name']->city",0.0,1.0,1.0,1.0,False,0.6120000000001997
"['download_month', 'first_name', 'full_phone_num', 'last_name']->birth_place",0.0,1.0,1.0,1.0,False,0.6120000000000116
"['download_month', 'ethnic', 'first_name', 'full_phone_num', 'last_name']->voter_id",1.0,1.0,1.0,1.0,True,0.6120000000031642
"['download_month', 'ethnic', 'first_name', 'full_phone_num', 'last_name']->voter_reg_num",1.0,1.0,1.0,1.0,True,0.6120000000031642
"['download_month', 'ethnic', 'first_name', 'full_phone_num', 'last_name']->street_address",1.0,1.0,1.0,1.0,True,0.6120000000030494
"['download_month', 'ethnic', 'first_name', 'full_phone_num', 'last_name']->middle_name",1.0,1.0,1.0,1.0,True,0.6120000000006709
"['download_month', 'ethnic', 'first_name', 'full_phone_num', 'last_name']->register_date",1.0,1.0,1.0,1.0,True,0.6120000000002196
"['download_month', 'ethnic', 'first_name', 'full_phone_num', 'last_name']->zip_code",1.0,1.0,1.0,1.0,True,0.6120000000002999
"['download_month', 'ethnic', 'first_name', 'full_phone_num', 'last_name']->age",1.0,1.0,1.0,1.0,True,0.6119999999999435
"['city', 'first_name', 'last_name', 'register_date']->ethnic",1.0,1.0,1.0,1.0,False,0.0019406821282788034
"['birth_place', 'first_name', 'last_name', 'register_date']->city",0.0,1.0,1.0,1.0,False,0.17490411579299447
"['birth_place', 'first_name', 'last_name', 'register_date']->ethnic",0.0,1.0,1.0,1.0,False,0.17594068212830105
"['download_month', 'first_name', 'last_name', 'register_date']->voter_id",1.0,1.0,1.0,1.0,True,-1.1782130826532011e-11
"['download_month', 'first_name', 'last_name', 'register_date']->voter_reg_num",1.0,1.0,1.0,1.0,True,-1.1782130826532011e-11
"['download_month', 'first_name', 'last_name', 'register_date']->street_address",1.0,1.0,1.0,1.0,True,-1.1158629575902523e-11
"['download_month', 'first_name', 'last_name', 'register_date']->middle_name",1.0,1.0,1.0,1.0,True,-2.2730706206175455e-12
"['download_month', 'first_name', 'last_name', 'register_date']->full_phone_num",1.0,1.0,1.0,1.0,True,6.7231775702225605e-12
"['download_month', 'first_name', 'last_name', 'register_date']->zip_code",1.0,1.0,1.0,1.0,True,-3.872457909892546e-13
"['download_month', 'first_name', 'last_name', 'register_date']->city",1.0,1.0,1.0,1.0,True,-2.156053113822054e-13
"['download_month', 'first_name', 'last_name', 'register_date']->age",1.0,1.0,1.0,1.0,True,3.3306690738754696e-13
"['download_month', 'first_name', 'last_name', 'register_date']->birth_place",1.0,1.0,1.0,1.0,True,1.6542323066914832e-14
"['download_month', 'first_name', 'last_name', 'register_date']->ethnic",1.0,1.0,1.0,1.0,True,-1.2212453270876722e-14
"['first_name', 'last_name', 'zip_code']->register_date",1.0,1.0,1.0,1.0,False,0.0006242939670708658
"['first_name', 'last_name', 'zip_code']->birth_place",0.0,1.0,1.0,1.0,False,0.00114683221826406
"['first_name', 'last_name', 'zip_code']->ethnic",1.0,1.0,1.0,1.0,False,0.0012937880855152795
"['download_month', 'first_name', 'last_name', 'zip_code']->voter_id",1.0,1.0,1.0,1.0,True,-1.1782130826532011e-11
"['download_month', 'first_name', 'last_name', 'zip_code']->voter_reg_num",1.0,1.0,1.0,1.0,True,-1.1782130826532011e-11
"['download_month', 'first_name', 'last_name', 'zip_code']->street_address",1.0,1.0,1.0,1.0,True,-1.1158629575902523e-11
"['download_month', 'first_name', 'last_name', 'zip_code']->middle_name",1.0,1.0,1.0,1.0,True,-2.2730706206175455e-12
"['download_month', 'first_name', 'last_name', 'zip_code']->full_phone_num",1.0,1.0,1.0,1.0,True,6.7231775702225605e-12
"['download_month', 'first_name', 'last_name', 'zip_code']->age",1.0,1.0,1.0,1.0,True,3.3306690738754696e-13
"['first_name', 'last_name', 'race', 'zip_code']->voter_id",1.0,1.0,1.0,1.0,False,0.00020072653336455915
"['first_name', 'last_name', 'race', 'zip_code']->voter_reg_num",1.0,1.0,1.0,1.0,False,0.00020072653336455915
"['first_name', 'last_name', 'race', 'zip_code']->age",1.0,1.0,1.0,1.0,False,0.00038632635205537724
"['city', 'first_name', 'last_name']->birth_place",0.0,1.0,1.0,1.0,False,0.0022936644365117997
"['city', 'download_month', 'first_name', 'last_name']->full_phone_num",0.0,1.0,1.0,1.0,False,0.00021620695482604813
"['city', 'download_month', 'ethnic', 'first_name', 'last_name']->voter_id",1.0,1.0,1.0,1.0,True,-1.1782130826532011e-11
"['city', 'download_month', 'ethnic', 'first_name', 'last_name']->voter_reg_num",1.0,1.0,1.0,1.0,True,-1.1782130826532011e-11
"['city', 'download_month', 'ethnic', 'first_name', 'last_name']->street_address",1.0,1.0,1.0,1.0,True,-1.1158629575902523e-11
"['city', 'download_month', 'ethnic', 'first_name', 'last_name']->middle_name",1.0,1.0,1.0,1.0,True,-2.2730706206175455e-12
"['city', 'download_month', 'ethnic', 'first_name', 'last_name']->zip_code",1.0,1.0,1.0,1.0,True,-3.872457909892546e-13
"['city', 'download_month', 'ethnic', 'first_name', 'last_name']->age",1.0,1.0,1.0,1.0,True,3.3306690738754696e-13
"['city', 'ethnic', 'first_name', 'last_name']->register_date",1.0,1.0,1.0,1.0,False,0.0009364409510947969
"['age', 'first_name', 'last_name']->voter_id",1.0,1.0,1.0,1.0,False,0.00020072653336455915
"['age', 'first_name', 'last_name']->voter_reg_num",1.0,1.0,1.0,1.0,False,0.00020072653336455915
"['age', 'first_name', 'last_name']->register_date",1.0,1.0,1.0,1.0,False,0.0003121469830604795
"['age', 'first_name', 'last_name']->zip_code",1.0,1.0,1.0,1.0,False,0.0002856756849223263
"['age', 'first_name', 'last_name']->city",1.0,1.0,1.0,1.0,False,0.0003013719306523832
"['age', 'first_name', 'last_name']->birth_place",0.0,1.0,1.0,1.0,False,0.0005734161091399681
"['age', 'first_name', 'last_name']->ethnic",1.0,1.0,1.0,1.0,False,0.0006468940427514225
"['age', 'download_month', 'first_name', 'last_name']->street_address",1.0,1.0,1.0,1.0,True,-1.1158629575902523e-11
"['age', 'download_month', 'first_name', 'last_name']->middle_name",1.0,1.0,1.0,1.0,True,-2.2730706206175455e-12
"['age', 'download_month', 'first_name', 'last_name']->full_phone_num",1.0,1.0,1.0,1.0,True,6.7231775702225605e-12
"['download_month', 'first_name', 'last_name']->race",1.0,1.0,1.0,1.0,False,0.0019275249142903794
"['last_name', 'middle_name']->name_suffix",0.0,1.0,1.0,1.0,False,0.15118001764733535
"['full_phone_num', 'last_name', 'middle_name']->race",0.0,1.0,1.0,1.0,False,0.6590000000000051
"['full_phone_num', 'last_name', 'middle_name', 'zip_code']->birth_place",0.0,1.0,1.0,1.0,False,0.6590000000000027
"['download_month', 'full_phone_num', 'last_name', 'middle_name', 'zip_code']->street_address",0.0,1.0,1.0,1.0,False,0.6590000000021772
"['download_month', 'full_phone_num', 'last_name', 'middle_name', 'zip_code']->age",0.0,1.0,1.0,1.0,False,0.6589999999999554
"['download_month', 'full_phone_num', 'last_name', 'middle_name', 'name_prefix', 'zip_code']->voter_id",1.0,1.0,1.0,1.0,True,0.999
"['download_month', 'full_phone_num', 'last_name', 'middle_name', 'name_prefix', 'zip_code']->voter_reg_num",1.0,1.0,1.0,1.0,True,0.999
"['download_month', 'full_phone_num', 'last_name', 'middle_name', 'name_prefix', 'zip_code']->first_name",1.0,1.0,1.0,1.0,True,0.999
"['download_month', 'full_phone_num', 'last_name', 'middle_name', 'name_prefix', 'zip_code']->register_date",1.0,1.0,1.0,1.0,True,0.999
"['full_phone_num', 'gender', 'last_name', 'middle_name', 'zip_code']->voter_id",1.0,1.0,1.0,1.0,True,0.6590000000022653
"['full_phone_num', 'gender', 'last_name', 'middle_name', 'zip_code']->voter_reg_num",1.0,1.0,1.0,1.0,True,0.6590000000022653
"['full_phone_num', 'gender', 'last_name', 'middle_name', 'zip_code']->street_address",1.0,1.0,1.0,1.0,True,0.6590000000021772
"['full_phone_num', 'gender', 'last_name', 'middle_name', 'zip_code']->first_name",1.0,1.0,1.0,1.0,True,0.6590000000006189
"['full_phone_num', 'gender', 'last_name', 'middle_name', 'zip_code']->register_date",1.0,1.0,1.0,1.0,True,0.6589999999998513
"['full_phone_num', 'gender', 'last_name', 'middle_name', 'zip_code']->age",1.0,1.0,1.0,1.0,True,0.6589999999999554
"['city', 'full_phone_num', 'last_name', 'middle_name']->birth_place",0.0,1.0,1.0,1.0,False,0.6590000000000027
"['city', 'download_month', 'full_phone_num', 'last_name', 'middle_name']->street_address",0.0,1.0,1.0,1.0,False,0.6590000000021772
"['city', 'download_month', 'full_phone_num', 'last_name', 'middle_name']->age",0.0,1.0,1.0,1.0,False,0.6589999999999554
"['city', 'download_month', 'full_phone_num', 'last_name', 'middle_name', 'name_prefix']->voter_id",1.0,1.0,1.0,1.0,True,0.999
"['city', 'download_month', 'full_phone_num', 'last_name', 'middle_name', 'name_prefix']->voter_reg_num",1.0,1.0,1.0,1.0,True,0.999
"['city', 'download_month', 'full_phone_num', 'last_name', 'middle_name', 'name_prefix']->first_name",1.0,1.0,1.0,1.0,True,0.999
"['city', 'download_month', 'full_phone_num', 'last_name', 'middle_name', 'name_prefix']->register_date",1.0,1.0,1.0,1.0,True,0.999
"['city', 'full_phone_num', 'gender', 'last_name', 'middle_name']->voter_id",1.0,1.0,1.0,1.0,True,0.6590000000022653
"['city', 'full_phone_num', 'gender', 'last_name', 'middle_name']->voter_reg_num",1.0,1.0,1.0,1.0,True,0.6590000000022653
"['city', 'full_phone_num', 'gender', 'last_name', 'middle_name']->street_address",1.0,1.0,1.0,1.0,True,0.6590000000021772
"['city', 'full_phone_num', 'gender', 'last_name', 'middle_name']->first_name",1.0,1.0,1.0,1.0,True,0.6590000000006189
"['city', 'full_phone_num', 'gender', 'last_name', 'middle_name']->register_date",1.0,1.0,1.0,1.0,True,0.6589999999998513
"['city', 'full_phone_num', 'gender', 'last_name', 'middle_name']->age",1.0,1.0,1.0,1.0,True,0.6589999999999554
"['birth_place', 'full_phone_num', 'last_name', 'middle_name']->ethnic",0.0,1.0,1.0,1.0,False,0.6909999999999962
"['birth_place', 'full_phone_num', 'gender', 'last_name', 'middle_name']->download_month",0.0,1.0,1.0,1.0,False,0.6909999999999975
"['download_month', 'full_phone_num', 'last_name', 'middle_name']->ethnic",0.0,1.0,1.0,1.0,False,0.6589999999999949
"['full_phone_num', 'gender', 'last_name', 'middle_name']->name_prefix",0.0,1.0,1.0,1.0,False,0.6589999999999984
"['ethnic', 'full_phone_num', 'gender', 'last_name', 'middle_name']->download_month",0.0,1.0,1.0,1.0,False,0.6589999999999974
"['last_name', 'middle_name', 'register_date']->first_name",0.0,1.0,1.0,1.0,False,0.1492416403039163
"['last_name', 'middle_name', 'register_date']->full_phone_num",0.0,1.0,1.0,1.0,False,0.14921620695218196
"['last_name', 'middle_name', 'register_date']->race",0.0,1.0,1.0,1.0,False,0.1496425083047751
"['last_name', 'middle_name', 'register_date']->gender",0.0,1.0,1.0,1.0,False,0.14996821651753922
"['last_name', 'middle_name', 'register_date']->name_prefix",0.0,1.0,1.0,1.0,False,0.14937382201746252
"['last_name', 'middle_name', 'register_date', 'zip_code']->voter_id",1.0,1.0,1.0,1.0,True,0.14899999999200264
"['last_name', 'middle_name', 'register_date', 'zip_code']->voter_reg_num",1.0,1.0,1.0,1.0,True,0.14899999999200264
"['last_name', 'middle_name', 'register_date', 'zip_code']->street_address",1.0,1.0,1.0,1.0,True,0.14899999999248625
"['last_name', 'middle_name', 'register_date', 'zip_code']->age",1.0,1.0,1.0,1.0,True,0.1490000000004923
"['last_name', 'middle_name', 'register_date', 'zip_code']->birth_place",1.0,1.0,1.0,1.0,True,0.14900000000002167
"['last_name', 'middle_name', 'register_date', 'zip_code']->download_month",1.0,1.0,1.0,1.0,True,0.1489999999999736
"['city', 'last_name', 'middle_name', 'register_date']->voter_id",1.0,1.0,1.0,1.0,True,0.14899999999200264
"['city', 'last_name', 'middle_name', 'register_date']->voter_reg_num",1.0,1.0,1.0,1.0,True,0.14899999999200264
"['city', 'last_name', 'middle_name', 'register_date']->street_address",1.0,1.0,1.0,1.0,True,0.14899999999248625
"['city', 'last_name', 'middle_name', 'register_date']->age",1.0,1.0,1.0,1.0,True,0.1490000000004923
"['city', 'last_name', 'middle_name', 'register_date']->birth_place",1.0,1.0,1.0,1.0,True,0.14900000000002167
"['city', 'last_name', 'middle_name', 'register_date']->download_month",1.0,1.0,1.0,1.0,True,0.1489999999999736
"['age', 'last_name', 'middle_name', 'register_date']->voter_id",1.0,1.0,1.0,1.0,True,0.14899999999200264
"['age', 'last_name', 'middle_name', 'register_date']->voter_reg_num",1.0,1.0,1.0,1.0,True,0.14899999999200264
"['birth_place', 'last_name', 'middle_name', 'register_date']->voter_id",1.0,1.0,1.0,1.0,True,0.2879999999955333
"['birth_place', 'last_name', 'middle_name', 'register_date']->voter_reg_num",1.0,1.0,1.0,1.0,True,0.2879999999955333
"['birth_place', 'last_name', 'middle_name', 'register_date']->street_address",1.0,1.0,1.0,1.0,True,0.2879999999958778
"['birth_place', 'last_name', 'middle_name', 'register_date']->zip_code",1.0,1.0,1.0,1.0,True,0.2880000000006352
"['birth_place', 'last_name', 'middle_name', 'register_date']->city",1.0,1.0,1.0,1.0,True,0.28800000000077
"['birth_place', 'last_name', 'middle_name', 'register_date']->age",1.0,1.0,1.0,1.0,True,0.2880000000003855
"['birth_place', 'last_name', 'middle_name', 'register_date']->download_month",1.0,1.0,1.0,1.0,True,0.2879999999999817
"['birth_place', 'last_name', 'middle_name', 'register_date']->ethnic",1.0,1.0,1.0,1.0,True,0.28800000000000825
"['download_month', 'last_name', 'middle_name', 'register_date']->voter_id",1.0,1.0,1.0,1.0,True,0.14899999999200264
"['download_month', 'last_name', 'middle_name', 'register_date']->voter_reg_num",1.0,1.0,1.0,1.0,True,0.14899999999200264
"['download_month', 'last_name', 'middle_name', 'register_date']->street_address",1.0,1.0,1.0,1.0,True,0.14899999999248625
"['download_month', 'last_name', 'middle_name', 'register_date']->zip_code",1.0,1.0,1.0,1.0,True,0.14900000000014169
"['download_month', 'last_name', 'middle_name', 'register_date']->city",1.0,1.0,1.0,1.0,True,0.14900000000029434
"['download_month', 'last_name', 'middle_name', 'register_date']->age",1.0,1.0,1.0,1.0,True,0.1490000000004923
"['download_month', 'last_name', 'middle_name', 'register_date']->birth_place",1.0,1.0,1.0,1.0,True,0.14900000000002167
"['download_month', 'last_name', 'middle_name', 'register_date']->ethnic",1.0,1.0,1.0,1.0,True,0.1490000000000068
"['ethnic', 'last_name', 'middle_name', 'register_date']->voter_id",1.0,1.0,1.0,1.0,True,0.14899999999200264
"['ethnic', 'last_name', 'middle_name', 'register_date']->voter_reg_num",1.0,1.0,1.0,1.0,True,0.14899999999200264
"['ethnic', 'last_name', 'middle_name', 'register_date']->street_address",1.0,1.0,1.0,1.0,True,0.14899999999248625
"['ethnic', 'last_name', 'middle_name', 'register_date']->zip_code",1.0,1.0,1.0,1.0,True,0.14900000000014169
"['ethnic', 'last_name', 'middle_name', 'register_date']->city",1.0,1.0,1.0,1.0,True,0.14900000000029434
"['ethnic', 'last_name', 'middle_name', 'register_date']->age",1.0,1.0,1.0,1.0,True,0.1490000000004923
"['ethnic', 'last_name', 'middle_name', 'register_date']->birth_place",1.0,1.0,1.0,1.0,True,0.14900000000002167
"['ethnic', 'last_name', 'middle_name', 'register_date']->download_month",1.0,1.0,1.0,1.0,True,0.1489999999999736
"['last_name', 'middle_name', 'zip_code']->ethnic",0.0,1.0,1.0,1.0,False,0.14964689404277043
"['birth_place', 'last_name', 'middle_name', 'zip_code']->race",0.0,1.0,1.0,1.0,False,0.2886425083047711
"['download_month', 'last_name', 'middle_name', 'zip_code']->birth_place",0.0,1.0,1.0,1.0,False,0.1495734161091451
"['download_month', 'last_name', 'middle_name', 'name_prefix', 'zip_code']->gender",0.0,1.0,1.0,1.0,False,0.973
"['last_name', 'middle_name', 'race', 'zip_code']->birth_place",0.0,1.0,1.0,1.0,False,0.1495734161091451
"['gender', 'last_name', 'middle_name', 'zip_code']->birth_place",0.0,1.0,1.0,1.0,False,0.14900000000002167
"['gender', 'last_name', 'middle_name', 'zip_code']->download_month",0.0,1.0,1.0,1.0,False,0.1489999999999736
"['gender', 'last_name', 'middle_name', 'zip_code']->race",0.0,1.0,1.0,1.0,False,0.14900000000001945
"['gender', 'last_name', 'middle_name', 'zip_code']->name_prefix",0.0,1.0,1.0,1.0,False,0.14900000000001423
"['city', 'last_name', 'middle_name']->zip_code",0.0,1.0,1.0,1.0,False,0.14928567568545137
"['city', 'last_name', 'middle_name']->ethnic",0.0,1.0,1.0,1.0,False,0.14964689404277043
"['birth_place', 'city', 'last_name', 'middle_name']->race",0.0,1.0,1.0,1.0,False,0.2886425083047711
"['city', 'download_month', 'last_name', 'middle_name']->birth_place",0.0,1.0,1.0,1.0,False,0.1495734161091451
"['city', 'download_month', 'last_name', 'middle_name', 'name_prefix']->gender",0.0,1.0,1.0,1.0,False,0.973
"['city', 'last_name', 'middle_name', 'race']->birth_place",0.0,1.0,1.0,1.0,False,0.1495734161091451
"['city', 'gender', 'last_name', 'middle_name']->birth_place",0.0,1.0,1.0,1.0,False,0.14900000000002167
"['city', 'gender', 'last_name', 'middle_name']->download_month",0.0,1.0,1.0,1.0,False,0.1489999999999736
"['city', 'gender', 'last_name', 'middle_name']->race",0.0,1.0,1.0,1.0,False,0.14900000000001945
"['city', 'gender', 'last_name', 'middle_name']->name_prefix",0.0,1.0,1.0,1.0,False,0.14900000000001423
"['age', 'last_name', 'middle_name']->street_address",0.0,1.0,1.0,1.0,False,0.14920243038675407
"['age', 'last_name', 'middle_name']->full_phone_num",0.0,1.0,1.0,1.0,False,0.14921620695218196
"['age', 'last_name', 'middle_name']->zip_code",0.0,1.0,1.0,1.0,False,0.14928567568545137
"['age', 'last_name', 'middle_name']->city",0.0,1.0,1.0,1.0,False,0.14930137193116222
"['age', 'last_name', 'middle_name']->birth_place",0.0,1.0,1.0,1.0,False,0.1495734161091451
"['age', 'last_name', 'middle_name']->download_month",0.0,1.0,1.0,1.0,False,0.14993836459354226
"['age', 'last_name', 'middle_name']->ethnic",0.0,1.0,1.0,1.0,False,0.14964689404277043
"['age', 'gender', 'last_name', 'middle_name']->voter_id",1.0,1.0,1.0,1.0,True,0.14899999999200264
"['age', 'gender', 'last_name', 'middle_name']->voter_reg_num",1.0,1.0,1.0,1.0,True,0.14899999999200264
"['age', 'gender', 'last_name', 'middle_name']->first_name",1.0,1.0,1.0,1.0,True,0.14899999999877378
"['age', 'gender', 'last_name', 'middle_name']->register_date",1.0,1.0,1.0,1.0,True,0.149000000000446
"['age', 'gender', 'last_name', 'middle_name']->name_prefix",1.0,1.0,1.0,1.0,True,0.14900000000001423
"['age', 'last_name', 'middle_name', 'name_prefix']->voter_id",1.0,1.0,1.0,1.0,True,0.9729999999999989
"['age', 'last_name', 'middle_name', 'name_prefix']->voter_reg_num",1.0,1.0,1.0,1.0,True,0.9729999999999989
"['age', 'last_name', 'middle_name', 'name_prefix']->first_name",1.0,1.0,1.0,1.0,True,0.972999999999997
"['age', 'last_name', 'middle_name', 'name_prefix']->register_date",1.0,1.0,1.0,1.0,True,0.972999999999998
"['age', 'last_name', 'middle_name', 'name_prefix']->gender",1.0,1.0,1.0,1.0,True,0.973
"['birth_place', 'download_month', 'last_name', 'middle_name', 'name_prefix']->gender",0.0,1.0,1.0,1.0,False,0.974
"['birth_place', 'last_name', 'middle_name', 'race']->ethnic",0.0,1.0,1.0,1.0,False,0.2892937880855355
"['birth_place', 'ethnic', 'last_name', 'middle_name']->race",0.0,1.0,1.0,1.0,False,0.28928501660952666
"['download_month', 'last_name', 'middle_name', 'race']->ethnic",0.0,1.0,1.0,1.0,False,0.15158757617106156
"['download_month', 'gender', 'last_name', 'middle_name']->birth_place",0.0,1.0,1.0,1.0,False,0.1501468322182692
"['download_month', 'ethnic', 'last_name', 'middle_name']->race",0.0,1.0,1.0,1.0,False,0.15157003321904183
"['ethnic', 'gender', 'last_name', 'middle_name']->birth_place",0.0,1.0,1.0,1.0,False,0.1495734161091451
"['ethnic', 'gender', 'last_name', 'middle_name']->race",0.0,1.0,1.0,1.0,False,0.1496425083047751
"['full_phone_num', 'gender', 'last_name', 'register_date', 'zip_code']->birth_place",0.0,1.0,1.0,1.0,False,0.6120000000000116
"['city', 'full_phone_num', 'last_name', 'name_suffix', 'register_date']->ethnic",0.0,1.0,1.0,1.0,False,0.983
"['city', 'full_phone_num', 'gender', 'last_name', 'register_date']->birth_place",0.0,1.0,1.0,1.0,False,0.6120000000000116
"['city', 'full_phone_num', 'gender', 'last_name', 'register_date']->ethnic",0.0,1.0,1.0,1.0,False,0.6119999999999931
"['age', 'full_phone_num', 'last_name', 'register_date']->street_address",0.0,1.0,1.0,1.0,False,0.6120000000030494
"['age', 'full_phone_num', 'last_name', 'register_date']->zip_code",0.0,1.0,1.0,1.0,False,0.6120000000002999
"['age', 'full_phone_num', 'last_name', 'register_date']->city",0.0,1.0,1.0,1.0,False,0.6120000000001997
"['age', 'full_phone_num', 'last_name', 'register_date']->birth_place",0.0,1.0,1.0,1.0,False,0.6120000000000116
"['age', 'download_month', 'full_phone_num', 'last_name', 'register_date']->voter_id",1.0,1.0,1.0,1.0,True,0.6120000000031642
"['age', 'download_month', 'full_phone_num', 'last_name', 'register_date']->voter_reg_num",1.0,1.0,1.0,1.0,True,0.6120000000031642
"['age', 'download_month', 'full_phone_num', 'last_name', 'register_date']->first_name",1.0,1.0,1.0,1.0,True,0.6120000000010125
"['age', 'download_month', 'full_phone_num', 'last_name', 'register_date']->middle_name",1.0,1.0,1.0,1.0,True,0.6120000000006709
"['age', 'full_phone_num', 'gender', 'last_name', 'register_date']->voter_id",1.0,1.0,1.0,1.0,True,0.6120000000031642
"['age', 'full_phone_num', 'gender', 'last_name', 'register_date']->voter_reg_num",1.0,1.0,1.0,1.0,True,0.6120000000031642
"['age', 'full_phone_num', 'gender', 'last_name', 'register_date']->first_name",1.0,1.0,1.0,1.0,True,0.6120000000010125
"['age', 'full_phone_num', 'gender', 'last_name', 'register_date']->middle_name",1.0,1.0,1.0,1.0,True,0.6120000000006709
"['age', 'full_phone_num', 'gender', 'last_name', 'register_date']->download_month",1.0,1.0,1.0,1.0,True,0.611999999999997
"['birth_place', 'full_phone_num', 'last_name', 'register_date']->race",0.0,1.0,1.0,1.0,False,0.6499275249142722
"['birth_place', 'full_phone_num', 'last_name', 'name_suffix', 'register_date']->ethnic",0.0,1.0,1.0,1.0,False,0.983
"['birth_place', 'full_phone_num', 'gender', 'last_name', 'register_date']->name_suffix",0.0,1.0,1.0,1.0,False,0.6480000000000035
"['birth_place', 'full_phone_num', 'gender', 'last_name', 'register_date']->ethnic",0.0,1.0,1.0,1.0,False,0.6479999999999945
"['download_month', 'full_phone_num', 'last_name', 'register_date']->ethnic",0.0,1.0,1.0,1.0,False,0.6132937880855205
"['download_month', 'full_phone_num', 'gender', 'last_name', 'name_suffix', 'race', 'register_date']->birth_place",0.0,1.0,1.0,1.0,False,0.983
"['full_phone_num', 'last_name', 'zip_code']->race",0.0,1.0,1.0,1.0,False,0.6164975581332957
"['age', 'download_month', 'full_phone_num', 'last_name', 'zip_code']->street_address",0.0,1.0,1.0,1.0,False,0.6120000000030494
"['age', 'download_month', 'ethnic', 'full_phone_num', 'last_name', 'zip_code']->middle_name",0.0,1.0,1.0,1.0,False,0.6120000000006709
"['age', 'download_month', 'ethnic', 'full_phone_num', 'last_name', 'name_prefix', 'zip_code']->voter_id",1.0,1.0,1.0,1.0,True,0.999
"['age', 'download_month', 'ethnic', 'full_phone_num', 'last_name', 'name_prefix', 'zip_code']->voter_reg_num",1.0,1.0,1.0,1.0,True,0.999
"['age', 'download_month', 'ethnic', 'full_phone_num', 'last_name', 'name_prefix', 'zip_code']->first_name",1.0,1.0,1.0,1.0,True,0.999
"['age', 'download_month', 'ethnic', 'full_phone_num', 'last_name', 'name_prefix', 'zip_code']->register_date",1.0,1.0,1.0,1.0,True,0.999
"['age', 'download_month', 'ethnic', 'full_phone_num', 'last_name', 'name_prefix', 'zip_code']->gender",1.0,1.0,1.0,1.0,True,0.999
"['age', 'full_phone_num', 'gender', 'last_name', 'zip_code']->street_address",1.0,1.0,1.0,1.0,True,0.6120000000030494
"['age', 'full_phone_num', 'gender', 'last_name', 'zip_code']->middle_name",1.0,1.0,1.0,1.0,True,0.6120000000006709
"['age', 'full_phone_num', 'gender', 'last_name', 'zip_code']->download_month",1.0,1.0,1.0,1.0,True,0.611999999999997
"['download_month', 'full_phone_num', 'last_name', 'zip_code']->name_suffix",0.0,1.0,1.0,1.0,False,0.6134533450982279
"['city', 'full_phone_num', 'last_name']->race",0.0,1.0,1.0,1.0,False,0.6164975581332957
"['age', 'city', 'download_month', 'ethnic', 'full_phone_num', 'last_name']->street_address",0.0,1.0,1.0,1.0,False,0.6120000000030494
"['age', 'city', 'download_month', 'ethnic', 'full_phone_num', 'last_name']->middle_name",0.0,1.0,1.0,1.0,False,0.6120000000006709
"['age', 'city', 'download_month', 'ethnic', 'full_phone_num', 'last_name', 'name_prefix']->voter_id",1.0,1.0,1.0,1.0,True,0.999
"['age', 'city', 'download_month', 'ethnic', 'full_phone_num', 'last_name', 'name_prefix']->voter_reg_num",1.0,1.0,1.0,1.0,True,0.999
"['age', 'city', 'download_month', 'ethnic', 'full_phone_num', 'last_name', 'name_prefix']->first_name",1.0,1.0,1.0,1.0,True,0.999
"['age', 'city', 'download_month', 'ethnic', 'full_phone_num', 'last_name', 'name_prefix']->register_date",1.0,1.0,1.0,1.0,True,0.999
"['age', 'city', 'download_month', 'ethnic', 'full_phone_num', 'last_name', 'name_prefix']->gender",1.0,1.0,1.0,1.0,True,0.999
"['age', 'city', 'full_phone_num', 'gender', 'last_name']->street_address",1.0,1.0,1.0,1.0,True,0.6120000000030494
"['age', 'city', 'full_phone_num', 'gender', 'last_name']->middle_name",1.0,1.0,1.0,1.0,True,0.6120000000006709
"['age', 'city', 'full_phone_num', 'gender', 'last_name']->download_month",1.0,1.0,1.0,1.0,True,0.611999999999997
"['city', 'download_month', 'full_phone_num', 'last_name']->name_suffix",0.0,1.0,1.0,1.0,False,0.6134533450982279
"['age', 'birth_place', 'download_month', 'full_phone_num', 'gender', 'last_name']->voter_id",1.0,1.0,1.0,1.0,True,0.6480000000024757
"['age', 'birth_place', 'download_month', 'full_phone_num', 'gender', 'last_name']->voter_reg_num",1.0,1.0,1.0,1.0,True,0.6480000000024757
"['age', 'birth_place', 'download_month', 'full_phone_num', 'gender', 'last_name']->street_address",1.0,1.0,1.0,1.0,True,0.6480000000023813
"['age', 'birth_place', 'download_month', 'full_phone_num', 'gender', 'last_name']->first_name",1.0,1.0,1.0,1.0,True,0.648000000000711
"['age', 'birth_place', 'download_month', 'full_phone_num', 'gender', 'last_name']->middle_name",1.0,1.0,1.0,1.0,True,0.6480000000002941
"['age', 'birth_place', 'download_month', 'full_phone_num', 'gender', 'last_name']->register_date",1.0,1.0,1.0,1.0,True,0.6479999999999375
"['age', 'birth_place', 'download_month', 'full_phone_num', 'gender', 'last_name']->zip_code",1.0,1.0,1.0,1.0,True,0.6480000000001476
"['age', 'birth_place', 'download_month', 'full_phone_num', 'gender', 'last_name']->city",1.0,1.0,1.0,1.0,True,0.648000000000059
"['age', 'full_phone_num', 'gender', 'last_name']->name_suffix",0.0,1.0,1.0,1.0,False,0.6120000000000048
"['age', 'last_name', 'register_date', 'zip_code']->birth_place",0.0,1.0,1.0,1.0,False,0.0017202483273874858
"['age', 'download_month', 'last_name', 'register_date', 'zip_code']->voter_id",1.0,1.0,1.0,1.0,True,-1.1782130826532011e-11
"['age', 'download_month', 'last_name', 'register_date', 'zip_code']->voter_reg_num",1.0,1.0,1.0,1.0,True,-1.1782130826532011e-11
"['age', 'download_month', 'last_name', 'register_date', 'zip_code']->street_address",1.0,1.0,1.0,1.0,True,-1.1158629575902523e-11
"['age', 'download_month', 'last_name', 'register_date', 'zip_code']->first_name",1.0,1.0,1.0,1.0,True,-2.6489921367556235e-12
"['age', 'download_month', 'last_name', 'register_date', 'zip_code']->middle_name",1.0,1.0,1.0,1.0,True,-2.2730706206175455e-12
"['age', 'download_month', 'last_name', 'register_date', 'zip_code']->full_phone_num",1.0,1.0,1.0,1.0,True,6.7231775702225605e-12
"['download_month', 'last_name', 'register_date', 'zip_code']->name_suffix",0.0,1.0,1.0,1.0,False,0.004723371569222312
"['download_month', 'last_name', 'register_date', 'zip_code']->ethnic",1.0,1.0,1.0,1.0,False,0.008409622555916263
"['download_month', 'gender', 'last_name', 'register_date', 'zip_code']->full_phone_num",0.0,1.0,1.0,1.0,False,0.0004324139029270313
"['download_month', 'gender', 'last_name', 'register_date', 'zip_code']->birth_place",0.0,1.0,1.0,1.0,False,0.00114683221826406
"['last_name', 'name_suffix', 'register_date', 'zip_code']->ethnic",0.0,1.0,1.0,1.0,False,0.9550000000000001
"['ethnic', 'last_name', 'register_date', 'zip_code']->name_suffix",0.0,1.0,1.0,1.0,False,0.010304968315456242
"['age', 'city', 'last_name', 'register_date']->zip_code",1.0,1.0,1.0,1.0,False,0.0008570270555474657
"['age', 'city', 'last_name', 'register_date']->birth_place",0.0,1.0,1.0,1.0,False,0.0017202483273874858
"['age', 'city', 'download_month', 'last_name', 'register_date']->voter_id",1.0,1.0,1.0,1.0,True,-1.1782130826532011e-11
"['age', 'city', 'download_month', 'last_name', 'register_date']->voter_reg_num",1.0,1.0,1.0,1.0,True,-1.1782130826532011e-11
"['age', 'city', 'download_month', 'last_name', 'register_date']->street_address",1.0,1.0,1.0,1.0,True,-1.1158629575902523e-11
"['age', 'city', 'download_month', 'last_name', 'register_date']->first_name",1.0,1.0,1.0,1.0,True,-2.6489921367556235e-12
"['age', 'city', 'download_month', 'last_name', 'register_date']->middle_name",1.0,1.0,1.0,1.0,True,-2.2730706206175455e-12
"['age', 'city', 'download_month', 'last_name', 'register_date']->full_phone_num",1.0,1.0,1.0,1.0,True,6.7231775702225605e-12
"['city', 'download_month', 'last_name', 'register_date']->zip_code",1.0,1.0,1.0,1.0,False,0.003713783908664281
"['city', 'download_month', 'last_name', 'register_date']->name_suffix",0.0,1.0,1.0,1.0,False,0.004723371569222312
"['city', 'download_month', 'last_name', 'register_date']->ethnic",1.0,1.0,1.0,1.0,False,0.008409622555916263
"['city', 'download_month', 'gender', 'last_name', 'register_date']->full_phone_num",0.0,1.0,1.0,1.0,False,0.0004324139029270313
"['city', 'download_month', 'gender', 'last_name', 'register_date']->birth_place",0.0,1.0,1.0,1.0,False,0.00114683221826406
"['city', 'ethnic', 'last_name', 'register_date']->name_suffix",0.0,1.0,1.0,1.0,False,0.011031640864567982
"['age', 'last_name', 'register_date']->name_suffix",0.0,1.0,1.0,1.0,False,0.0018166813727756859
"['age', 'last_name', 'register_date']->ethnic",1.0,1.0,1.0,1.0,False,0.0032344702138064063
"['age', 'download_month', 'last_name', 'register_date']->birth_place",0.0,1.0,1.0,1.0,False,0.0005734161091399681
"['age', 'download_month', 'last_name', 'register_date']->gender",1.0,1.0,1.0,1.0,False,0.0009682165175473045
"['birth_place', 'download_month', 'last_name', 'register_date']->name_suffix",0.0,1.0,1.0,1.0,False,0.181398278119014
"['birth_place', 'download_month', 'last_name', 'register_date']->ethnic",0.0,1.0,1.0,1.0,False,0.1869818455641754
"['download_month', 'last_name', 'register_date']->name_prefix",0.0,1.0,1.0,1.0,False,0.01335383821567071
"['gender', 'last_name', 'register_date']->name_prefix",0.0,1.0,1.0,1.0,False,0.013488872018152631
"['last_name', 'zip_code']->city",1.0,1.0,1.0,1.0,False,0.02641043650331698
"['age', 'download_month', 'last_name', 'zip_code']->birth_place",0.0,1.0,1.0,1.0,False,0.0017202483273874858
"['age', 'download_month', 'gender', 'last_name', 'zip_code']->street_address",1.0,1.0,1.0,1.0,True,-1.1158629575902523e-11
"['age', 'download_month', 'gender', 'last_name', 'zip_code']->middle_name",1.0,1.0,1.0,1.0,True,-2.2730706206175455e-12
"['age', 'download_month', 'gender', 'last_name', 'zip_code']->full_phone_num",1.0,1.0,1.0,1.0,True,6.7231775702225605e-12
"['age', 'gender', 'last_name', 'zip_code']->voter_id",1.0,1.0,1.0,1.0,False,0.00020072653336455915
"['age', 'gender', 'last_name', 'zip_code']->voter_reg_num",1.0,1.0,1.0,1.0,False,0.00020072653336455915
"['age', 'gender', 'last_name', 'zip_code']->first_name",1.0,1.0,1.0,1.0,False,0.00024164030249462787
"['age', 'gender', 'last_name', 'zip_code']->register_date",1.0,1.0,1.0,1.0,False,0.0003121469830604795
"['age', 'gender', 'last_name', 'zip_code']->birth_place",0.0,1.0,1.0,1.0,False,0.0005734161091399681
"['age', 'gender', 'last_name', 'zip_code']->name_prefix",0.0,1.0,1.0,1.0,False,0.00037382201746860577
"['download_month', 'last_name', 'zip_code']->race",1.0,1.0,1.0,1.0,False,0.031577761722540565
"['gender', 'last_name', 'zip_code']->name_suffix",0.0,1.0,1.0,1.0,False,0.012021418669472594
"['gender', 'last_name', 'zip_code']->ethnic",1.0,1.0,1.0,1.0,False,0.020832503495099686
"['age', 'city', 'download_month', 'last_name']->birth_place",0.0,1.0,1.0,1.0,False,0.0022936644365117997
"['age', 'city', 'download_month', 'gender', 'last_name']->street_address",1.0,1.0,1.0,1.0,True,-1.1158629575902523e-11
"['age', 'city', 'download_month', 'gender', 'last_name']->middle_name",1.0,1.0,1.0,1.0,True,-2.2730706206175455e-12
"['age', 'city', 'download_month', 'gender', 'last_name']->full_phone_num",1.0,1.0,1.0,1.0,True,6.7231775702225605e-12
"['age', 'city', 'gender', 'last_name']->voter_id",1.0,1.0,1.0,1.0,False,0.00020072653336455915
"['age', 'city', 'gender', 'last_name']->voter_reg_num",1.0,1.0,1.0,1.0,False,0.00020072653336455915
"['age', 'city', 'gender', 'last_name']->first_name",1.0,1.0,1.0,1.0,False,0.00024164030249462787
"['age', 'city', 'gender', 'last_name']->register_date",1.0,1.0,1.0,1.0,False,0.0003121469830604795
"['age', 'city', 'gender', 'last_name']->zip_code",1.0,1.0,1.0,1.0,False,0.0002856756849223263
"['age', 'city', 'gender', 'last_name']->birth_place",0.0,1.0,1.0,1.0,False,0.0005734161091399681
"['age', 'city', 'gender', 'last_name']->name_prefix",0.0,1.0,1.0,1.0,False,0.00037382201746860577
"['age', 'city', 'ethnic', 'last_name']->zip_code",1.0,1.0,1.0,1.0,False,0.003142432538046247
"['city', 'download_month', 'last_name']->race",1.0,1.0,1.0,1.0,False,0.0335527140315538
"['city', 'gender', 'last_name']->name_suffix",0.0,1.0,1.0,1.0,False,0.014564772591363462
"['age', 'last_name']->race",1.0,1.0,1.0,1.0,False,0.028515388488961846
"['age', 'download_month', 'last_name']->name_suffix",0.0,1.0,1.0,1.0,False,0.00898317584512931
"['age', 'download_month', 'gender', 'last_name']->name_prefix",0.0,1.0,1.0,1.0,False,0.0038732539769841257
"['age', 'gender', 'last_name']->ethnic",1.0,1.0,1.0,1.0,False,0.01298184556415316
"['age', 'first_name', 'full_phone_num', 'middle_name']->race",0.0,1.0,1.0,1.0,False,0.6590000000000051
"['age', 'download_month', 'first_name', 'full_phone_num', 'middle_name']->birth_place",0.0,1.0,1.0,1.0,False,0.6590000000000027
"['age', 'download_month', 'ethnic', 'first_name', 'full_phone_num', 'middle_name']->voter_id",1.0,1.0,1.0,1.0,True,0.6590000000022653
"['age', 'download_month', 'ethnic', 'first_name', 'full_phone_num', 'middle_name']->voter_reg_num",1.0,1.0,1.0,1.0,True,0.6590000000022653
"['age', 'download_month', 'ethnic', 'first_name', 'full_phone_num', 'middle_name']->street_address",1.0,1.0,1.0,1.0,True,0.6590000000021772
"['age', 'download_month', 'ethnic', 'first_name', 'full_phone_num', 'middle_name']->last_name",1.0,1.0,1.0,1.0,True,0.6590000000011844
"['age', 'download_month', 'ethnic', 'first_name', 'full_phone_num', 'middle_name']->register_date",1.0,1.0,1.0,1.0,True,0.6589999999998513
"['age', 'download_month', 'ethnic', 'first_name', 'full_phone_num', 'middle_name']->zip_code",1.0,1.0,1.0,1.0,True,0.6590000000001011
"['age', 'download_month', 'ethnic', 'first_name', 'full_phone_num', 'middle_name']->city",1.0,1.0,1.0,1.0,True,0.6590000000000159
"['birth_place', 'download_month', 'first_name', 'full_phone_num', 'middle_name']->gender",0.0,1.0,1.0,1.0,False,0.6909999999999994
"['download_month', 'first_name', 'full_phone_num', 'middle_name']->name_prefix",0.0,1.0,1.0,1.0,False,0.6589999999999984
"['first_name', 'middle_name', 'register_date']->full_phone_num",0.0,1.0,1.0,1.0,False,0.14964862084838393
"['first_name', 'middle_name', 'register_date']->name_suffix",0.0,1.0,1.0,1.0,False,0.15009000882366774
"['first_name', 'middle_name', 'register_date']->gender",0.0,1.0,1.0,1.0,False,0.1519046495525821
"['first_name', 'middle_name', 'register_date']->name_prefix",0.0,1.0,1.0,1.0,False,0.15012146605235888
"['first_name', 'middle_name', 'register_date', 'zip_code']->voter_id",1.0,1.0,1.0,1.0,True,0.14899999999200264
"['first_name', 'middle_name', 'register_date', 'zip_code']->voter_reg_num",1.0,1.0,1.0,1.0,True,0.14899999999200264
"['first_name', 'middle_name', 'register_date', 'zip_code']->street_address",1.0,1.0,1.0,1.0,True,0.14899999999248625
"['first_name', 'middle_name', 'register_date', 'zip_code']->last_name",1.0,1.0,1.0,1.0,True,0.14899999999674596
"['first_name', 'middle_name', 'register_date', 'zip_code']->age",1.0,1.0,1.0,1.0,True,0.1490000000004923
"['first_name', 'middle_name', 'register_date', 'zip_code']->download_month",1.0,1.0,1.0,1.0,True,0.1489999999999736
"['city', 'first_name', 'middle_name', 'register_date']->voter_id",1.0,1.0,1.0,1.0,True,0.14899999999200264
"['city', 'first_name', 'middle_name', 'register_date']->voter_reg_num",1.0,1.0,1.0,1.0,True,0.14899999999200264
"['city', 'first_name', 'middle_name', 'register_date']->street_address",1.0,1.0,1.0,1.0,True,0.14899999999248625
"['city', 'first_name', 'middle_name', 'register_date']->last_name",1.0,1.0,1.0,1.0,True,0.14899999999674596
"['city', 'first_name', 'middle_name', 'register_date']->age",1.0,1.0,1.0,1.0,True,0.1490000000004923
"['city', 'first_name', 'middle_name', 'register_date']->birth_place",1.0,1.0,1.0,1.0,True,0.14900000000002167
"['city', 'first_name', 'middle_name', 'register_date']->download_month",1.0,1.0,1.0,1.0,True,0.1489999999999736
"['age', 'first_name', 'middle_name', 'register_date']->voter_id",1.0,1.0,1.0,1.0,True,0.14899999999200264
"['age', 'first_name', 'middle_name', 'register_date']->voter_reg_num",1.0,1.0,1.0,1.0,True,0.14899999999200264
"['age', 'first_name', 'middle_name', 'register_date']->street_address",1.0,1.0,1.0,1.0,True,0.14899999999248625
"['age', 'first_name', 'middle_name', 'register_date']->last_name",1.0,1.0,1.0,1.0,True,0.14899999999674596
"['age', 'first_name', 'middle_name', 'register_date']->zip_code",1.0,1.0,1.0,1.0,True,0.14900000000014169
"['age', 'first_name', 'middle_name', 'register_date']->city",1.0,1.0,1.0,1.0,True,0.14900000000029434
"['age', 'first_name', 'middle_name', 'register_date']->birth_place",1.0,1.0,1.0,1.0,True,0.14900000000002167
"['age', 'first_name', 'middle_name', 'register_date']->download_month",1.0,1.0,1.0,1.0,True,0.1489999999999736
"['age', 'first_name', 'middle_name', 'register_date']->ethnic",1.0,1.0,1.0,1.0,True,0.1490000000000068
"['birth_place', 'first_name', 'middle_name', 'register_date']->ethnic",0.0,1.0,1.0,1.0,False,0.2892937880855355
"['download_month', 'first_name', 'middle_name', 'register_date']->ethnic",0.0,1.0,1.0,1.0,False,0.15029378808553429
"['first_name', 'middle_name', 'zip_code']->full_phone_num",0.0,1.0,1.0,1.0,False,0.14943241390028306
"['first_name', 'middle_name', 'zip_code']->race",0.0,1.0,1.0,1.0,False,0.15028501660953064
"['first_name', 'middle_name', 'zip_code']->name_suffix",0.0,1.0,1.0,1.0,False,0.14972667254911187
"['first_name', 'middle_name', 'zip_code']->gender",0.0,1.0,1.0,1.0,False,0.15093643303506077
"['first_name', 'middle_name', 'zip_code']->ethnic",0.0,1.0,1.0,1.0,False,0.15029378808553429
"['first_name', 'middle_name', 'zip_code']->name_prefix",0.0,1.0,1.0,1.0,False,0.1497476440349106
"['age', 'birth_place', 'first_name', 'middle_name', 'zip_code']->voter_id",1.0,1.0,1.0,1.0,True,0.2879999999955333
"['age', 'birth_place', 'first_name', 'middle_name', 'zip_code']->voter_reg_num",1.0,1.0,1.0,1.0,True,0.2879999999955333
"['age', 'birth_place', 'first_name', 'middle_name', 'zip_code']->street_address",1.0,1.0,1.0,1.0,True,0.2879999999958778
"['age', 'birth_place', 'first_name', 'middle_name', 'zip_code']->last_name",1.0,1.0,1.0,1.0,True,0.2879999999986689
"['age', 'birth_place', 'first_name', 'middle_name', 'zip_code']->register_date",1.0,1.0,1.0,1.0,True,0.2880000000017451
"['age', 'download_month', 'first_name', 'middle_name', 'zip_code']->voter_id",1.0,1.0,1.0,1.0,True,0.14899999999200264
"['age', 'download_month', 'first_name', 'middle_name', 'zip_code']->voter_reg_num",1.0,1.0,1.0,1.0,True,0.14899999999200264
"['age', 'download_month', 'first_name', 'middle_name', 'zip_code']->street_address",1.0,1.0,1.0,1.0,True,0.14899999999248625
"['age', 'download_month', 'first_name', 'middle_name', 'zip_code']->last_name",1.0,1.0,1.0,1.0,True,0.14899999999674596
"['age', 'download_month', 'first_name', 'middle_name', 'zip_code']->register_date",1.0,1.0,1.0,1.0,True,0.149000000000446
"['birth_place', 'first_name', 'middle_name', 'zip_code']->download_month",0.0,1.0,1.0,1.0,False,0.2879999999999817
"['download_month', 'first_name', 'middle_name', 'zip_code']->birth_place",0.0,1.0,1.0,1.0,False,0.1495734161091451
"['city', 'first_name', 'middle_name']->full_phone_num",0.0,1.0,1.0,1.0,False,0.14943241390028306
"['city', 'first_name', 'middle_name']->zip_code",0.0,1.0,1.0,1.0,False,0.14957135137075883
"['city', 'first_name', 'middle_name']->race",0.0,1.0,1.0,1.0,False,0.15028501660953064
"['city', 'first_name', 'middle_name']->name_suffix",0.0,1.0,1.0,1.0,False,0.14972667254911187
"['city', 'first_name', 'middle_name']->gender",0.0,1.0,1.0,1.0,False,0.15093643303506077
"['city', 'first_name', 'middle_name']->ethnic",0.0,1.0,1.0,1.0,False,0.15029378808553429
"['city', 'first_name', 'middle_name']->name_prefix",0.0,1.0,1.0,1.0,False,0.1497476440349106
"['age', 'birth_place', 'city', 'first_name', 'middle_name']->voter_id",1.0,1.0,1.0,1.0,True,0.2879999999955333
"['age', 'birth_place', 'city', 'first_name', 'middle_name']->voter_reg_num",1.0,1.0,1.0,1.0,True,0.2879999999955333
"['age', 'birth_place', 'city', 'first_name', 'middle_name']->street_address",1.0,1.0,1.0,1.0,True,0.2879999999958778
"['age', 'birth_place', 'city', 'first_name', 'middle_name']->last_name",1.0,1.0,1.0,1.0,True,0.2879999999986689
"['age', 'birth_place', 'city', 'first_name', 'middle_name']->register_date",1.0,1.0,1.0,1.0,True,0.2880000000017451
"['age', 'city', 'download_month', 'first_name', 'middle_name']->voter_id",1.0,1.0,1.0,1.0,True,0.14899999999200264
"['age', 'city', 'download_month', 'first_name', 'middle_name']->voter_reg_num",1.0,1.0,1.0,1.0,True,0.14899999999200264
"['age', 'city', 'download_month', 'first_name', 'middle_name']->street_address",1.0,1.0,1.0,1.0,True,0.14899999999248625
"['age', 'city', 'download_month', 'first_name', 'middle_name']->last_name",1.0,1.0,1.0,1.0,True,0.14899999999674596
"['age', 'city', 'download_month', 'first_name', 'middle_name']->register_date",1.0,1.0,1.0,1.0,True,0.149000000000446
"['birth_place', 'city', 'first_name', 'middle_name']->download_month",0.0,1.0,1.0,1.0,False,0.2879999999999817
"['city', 'download_month', 'first_name', 'middle_name']->birth_place",0.0,1.0,1.0,1.0,False,0.1495734161091451
"['age', 'first_name', 'middle_name']->name_suffix",0.0,1.0,1.0,1.0,False,0.15009000882366774
"['age', 'first_name', 'middle_name']->gender",0.0,1.0,1.0,1.0,False,0.1519046495525821
"['age', 'first_name', 'middle_name']->name_prefix",0.0,1.0,1.0,1.0,False,0.15012146605235888
"['age', 'birth_place', 'first_name', 'middle_name']->full_phone_num",0.0,1.0,1.0,1.0,False,0.2882162069497154
"['age', 'birth_place', 'first_name', 'middle_name']->race",0.0,1.0,1.0,1.0,False,0.2886425083047711
"['age', 'birth_place', 'download_month', 'ethnic', 'first_name', 'middle_name']->voter_id",1.0,1.0,1.0,1.0,True,0.2879999999955333
"['age', 'birth_place', 'download_month', 'ethnic', 'first_name', 'middle_name']->voter_reg_num",1.0,1.0,1.0,1.0,True,0.2879999999955333
"['age', 'birth_place', 'download_month', 'ethnic', 'first_name', 'middle_name']->street_address",1.0,1.0,1.0,1.0,True,0.2879999999958778
"['age', 'birth_place', 'download_month', 'ethnic', 'first_name', 'middle_name']->last_name",1.0,1.0,1.0,1.0,True,0.2879999999986689
"['age', 'birth_place', 'download_month', 'ethnic', 'first_name', 'middle_name']->register_date",1.0,1.0,1.0,1.0,True,0.2880000000017451
"['age', 'birth_place', 'download_month', 'ethnic', 'first_name', 'middle_name']->zip_code",1.0,1.0,1.0,1.0,True,0.2880000000006352
"['age', 'birth_place', 'download_month', 'ethnic', 'first_name', 'middle_name']->city",1.0,1.0,1.0,1.0,True,0.28800000000077
"['age', 'download_month', 'ethnic', 'first_name', 'middle_name', 'race']->voter_id",1.0,1.0,1.0,1.0,True,0.14899999999200264
"['age', 'download_month', 'ethnic', 'first_name', 'middle_name', 'race']->voter_reg_num",1.0,1.0,1.0,1.0,True,0.14899999999200264
"['age', 'download_month', 'ethnic', 'first_name', 'middle_name', 'race']->street_address",1.0,1.0,1.0,1.0,True,0.14899999999248625
"['age', 'download_month', 'ethnic', 'first_name', 'middle_name', 'race']->last_name",1.0,1.0,1.0,1.0,True,0.14899999999674596
"['age', 'download_month', 'ethnic', 'first_name', 'middle_name', 'race']->register_date",1.0,1.0,1.0,1.0,True,0.149000000000446
"['age', 'download_month', 'ethnic', 'first_name', 'middle_name', 'race']->zip_code",1.0,1.0,1.0,1.0,True,0.14900000000014169
"['age', 'download_month', 'ethnic', 'first_name', 'middle_name', 'race']->city",1.0,1.0,1.0,1.0,True,0.14900000000029434
"['age', 'download_month', 'ethnic', 'first_name', 'middle_name', 'race']->birth_place",1.0,1.0,1.0,1.0,True,0.14900000000002167
"['age', 'ethnic', 'first_name', 'middle_name', 'race']->full_phone_num",0.0,1.0,1.0,1.0,False,0.14921620695218196
"['birth_place', 'download_month', 'first_name', 'middle_name', 'race']->gender",0.0,1.0,1.0,1.0,False,0.29380929910513875
"['birth_place', 'download_month', 'first_name', 'middle_name', 'name_suffix']->gender",0.0,1.0,1.0,1.0,False,0.961
"['birth_place', 'first_name', 'middle_name', 'name_prefix']->gender",0.0,1.0,1.0,1.0,False,0.974
"['download_month', 'first_name', 'middle_name', 'race']->name_prefix",0.0,1.0,1.0,1.0,False,0.15348586420939248
"['download_month', 'first_name', 'middle_name', 'name_suffix']->name_prefix",0.0,1.0,1.0,1.0,False,0.958
"['first_name', 'gender', 'middle_name']->name_prefix",0.0,1.0,1.0,1.0,False,0.15759790640132254
"['first_name', 'full_phone_num', 'register_date', 'zip_code']->age",0.0,1.0,1.0,1.0,False,0.6119999999999435
"['first_name', 'full_phone_num', 'register_date', 'zip_code']->download_month",0.0,1.0,1.0,1.0,False,0.611999999999997
"['first_name', 'full_phone_num', 'register_date', 'zip_code']->race",0.0,1.0,1.0,1.0,False,0.6120000000000064
"['first_name', 'full_phone_num', 'register_date', 'zip_code']->ethnic",0.0,1.0,1.0,1.0,False,0.6119999999999931
"['city', 'first_name', 'full_phone_num', 'register_date']->race",0.0,1.0,1.0,1.0,False,0.6120000000000064
"['age', 'city', 'first_name', 'full_phone_num', 'register_date']->download_month",0.0,1.0,1.0,1.0,False,0.611999999999997
"['city', 'download_month', 'first_name', 'full_phone_num', 'register_date']->ethnic",0.0,1.0,1.0,1.0,False,0.6119999999999931
"['city', 'download_month', 'first_name', 'full_phone_num', 'name_prefix', 'register_date']->age",0.0,1.0,1.0,1.0,False,0.999
"['age', 'birth_place', 'first_name', 'full_phone_num', 'gender', 'register_date']->download_month",0.0,1.0,1.0,1.0,False,0.6479999999999972
"['age', 'birth_place', 'ethnic', 'first_name', 'full_phone_num', 'gender', 'register_date']->city",0.0,1.0,1.0,1.0,False,0.648000000000059
"['age', 'birth_place', 'ethnic', 'first_name', 'full_phone_num', 'name_prefix', 'register_date']->city",0.0,1.0,1.0,1.0,False,0.999
"['age', 'birth_place', 'first_name', 'full_phone_num', 'name_prefix', 'register_date']->download_month",0.0,1.0,1.0,1.0,False,0.999
"['age', 'download_month', 'first_name', 'full_phone_num', 'register_date']->birth_place",0.0,1.0,1.0,1.0,False,0.6120000000000116
"['age', 'download_month', 'first_name', 'full_phone_num', 'name_suffix', 'register_date']->city",0.0,1.0,1.0,1.0,False,0.9829999999999997
"['age', 'download_month', 'ethnic', 'first_name', 'full_phone_num', 'register_date']->city",0.0,1.0,1.0,1.0,False,0.6120000000001997
"['age', 'first_name', 'full_phone_num', 'name_suffix', 'register_date']->birth_place",0.0,1.0,1.0,1.0,False,0.983
"['age', 'first_name', 'full_phone_num', 'gender', 'name_suffix', 'register_date']->city",0.0,1.0,1.0,1.0,False,0.9829999999999997
"['age', 'first_name', 'full_phone_num', 'gender', 'name_suffix', 'register_date']->download_month",0.0,1.0,1.0,1.0,False,0.983
"['age', 'first_name', 'full_phone_num', 'name_prefix', 'name_suffix', 'register_date']->city",0.0,1.0,1.0,1.0,False,1.0
"['age', 'first_name', 'full_phone_num', 'name_prefix', 'name_suffix', 'register_date']->download_month",0.0,1.0,1.0,1.0,False,1.0
"['download_month', 'first_name', 'full_phone_num', 'register_date']->gender",0.0,1.0,1.0,1.0,False,0.6119999999999993
"['first_name', 'full_phone_num', 'zip_code']->gender",0.0,1.0,1.0,1.0,False,0.6129682165175208
"['birth_place', 'first_name', 'full_phone_num', 'zip_code']->race",0.0,1.0,1.0,1.0,False,0.648642508304761
"['birth_place', 'download_month', 'first_name', 'full_phone_num', 'zip_code']->ethnic",0.0,1.0,1.0,1.0,False,0.6486468940427581
"['download_month', 'first_name', 'full_phone_num', 'race', 'zip_code']->ethnic",0.0,1.0,1.0,1.0,False,0.6126468940427567
"['download_month', 'first_name', 'full_phone_num', 'name_suffix', 'zip_code']->ethnic",0.0,1.0,1.0,1.0,False,0.983
"['first_name', 'full_phone_num', 'name_suffix', 'zip_code']->race",0.0,1.0,1.0,1.0,False,0.983
"['ethnic', 'first_name', 'full_phone_num', 'zip_code']->race",0.0,1.0,1.0,1.0,False,0.612642508304762
"['birth_place', 'city', 'first_name', 'full_phone_num']->race",0.0,1.0,1.0,1.0,False,0.6492850166095165
"['city', 'first_name', 'full_phone_num', 'name_suffix']->race",0.0,1.0,1.0,1.0,False,0.983
"['city', 'ethnic', 'first_name', 'full_phone_num']->race",0.0,1.0,1.0,1.0,False,0.6132850166095176
"['city', 'first_name', 'full_phone_num', 'name_prefix']->gender",0.0,1.0,1.0,1.0,False,0.999
"['age', 'download_month', 'first_name', 'full_phone_num']->race",0.0,1.0,1.0,1.0,False,0.6120000000000064
"['age', 'first_name', 'full_phone_num', 'name_prefix']->gender",0.0,1.0,1.0,1.0,False,0.999
"['birth_place', 'download_month', 'first_name', 'full_phone_num', 'name_prefix', 'name_suffix', 'race']->gender",0.0,1.0,1.0,1.0,False,1.0
"['first_name', 'register_date', 'zip_code']->birth_place",0.0,1.0,1.0,1.0,False,0.0028670805456356696
"['first_name', 'register_date', 'zip_code']->name_suffix",0.0,1.0,1.0,1.0,False,0.0018166813727756859
"['first_name', 'register_date', 'zip_code']->gender",1.0,1.0,1.0,1.0,False,0.004841082587632939
"['first_name', 'register_date', 'zip_code']->name_prefix",0.0,1.0,1.0,1.0,False,0.0018691100872613164
"['download_month', 'first_name', 'register_date', 'zip_code']->race",1.0,1.0,1.0,1.0,False,0.0012850166095348392
"['download_month', 'ethnic', 'first_name', 'register_date', 'zip_code']->full_phone_num",0.0,1.0,1.0,1.0,False,0.00021620695482604813
"['download_month', 'ethnic', 'first_name', 'register_date', 'zip_code']->age",1.0,1.0,1.0,1.0,False,0.00038632635205537724
"['city', 'first_name', 'register_date']->name_suffix",0.0,1.0,1.0,1.0,False,0.004723371569222312
"['city', 'first_name', 'register_date']->gender",1.0,1.0,1.0,1.0,False,0.012586814727803874
"['age', 'city', 'first_name', 'register_date']->birth_place",0.0,1.0,1.0,1.0,False,0.0017202483273874858
"['age', 'city', 'first_name', 'register_date']->name_prefix",0.0,1.0,1.0,1.0,False,0.00112146605236485
"['city', 'download_month', 'first_name', 'register_date']->birth_place",0.0,1.0,1.0,1.0,False,0.0034404966547592064
"['city', 'download_month', 'first_name', 'register_date']->race",1.0,1.0,1.0,1.0,False,0.003855049828557222
"['age', 'first_name', 'register_date']->race",1.0,1.0,1.0,1.0,False,0.007067591352335256
"['age', 'birth_place', 'ethnic', 'first_name', 'register_date']->name_suffix",0.0,1.0,1.0,1.0,False,0.17690669019644756
"['age', 'download_month', 'first_name', 'register_date']->gender",1.0,1.0,1.0,1.0,False,0.005809299105154264
"['age', 'download_month', 'first_name', 'register_date']->name_prefix",0.0,1.0,1.0,1.0,False,0.002242932104709494
"['age', 'download_month', 'ethnic', 'first_name', 'register_date']->name_suffix",0.0,1.0,1.0,1.0,False,0.0018166813727756859
"['age', 'first_name', 'name_suffix', 'register_date']->ethnic",0.0,1.0,1.0,1.0,False,0.9550000000000001
"['age', 'first_name', 'gender', 'register_date']->name_prefix",0.0,1.0,1.0,1.0,False,0.003738220174502205
"['age', 'first_name', 'name_prefix', 'register_date']->gender",0.0,1.0,1.0,1.0,False,0.9749364330350428
"['first_name', 'zip_code']->city",1.0,1.0,1.0,1.0,False,0.011548250204673094
"['age', 'first_name', 'zip_code']->race",1.0,1.0,1.0,1.0,False,0.007115018747081647
"['age', 'first_name', 'zip_code']->name_suffix",0.0,1.0,1.0,1.0,False,0.00412825164800712
"['age', 'first_name', 'zip_code']->gender",1.0,1.0,1.0,1.0,False,0.010717128422096378
"['age', 'first_name', 'zip_code']->ethnic",1.0,1.0,1.0,1.0,False,0.007159799179279669
"['age', 'first_name', 'zip_code']->name_prefix",0.0,1.0,1.0,1.0,False,0.004247075994432303
"['age', 'download_month', 'first_name', 'zip_code']->full_phone_num",0.0,1.0,1.0,1.0,False,0.0008648277991285536
"['birth_place', 'first_name', 'zip_code']->name_suffix",0.0,1.0,1.0,1.0,False,0.18306557577857097
"['birth_place', 'download_month', 'first_name', 'zip_code']->race",0.0,1.0,1.0,1.0,False,0.17983000213756561
"['download_month', 'first_name', 'zip_code']->name_prefix",0.0,1.0,1.0,1.0,False,0.006116186081673303
"['download_month', 'first_name', 'name_suffix', 'zip_code']->race",0.0,1.0,1.0,1.0,False,0.9549999999999998
"['download_month', 'ethnic', 'first_name', 'zip_code']->race",1.0,1.0,1.0,1.0,False,0.008995116266601988
"['first_name', 'race', 'zip_code']->name_suffix",0.0,1.0,1.0,1.0,False,0.012830491152021284
"['ethnic', 'first_name', 'zip_code']->name_suffix",0.0,1.0,1.0,1.0,False,0.011889866041576158
"['age', 'city', 'first_name']->race",1.0,1.0,1.0,1.0,False,0.01334300007652689
"['age', 'city', 'first_name']->name_suffix",0.0,1.0,1.0,1.0,False,0.008362371100145594
"['age', 'city', 'first_name']->ethnic",1.0,1.0,1.0,1.0,False,0.013421300413065995
"['age', 'city', 'download_month', 'first_name']->full_phone_num",0.0,1.0,1.0,1.0,False,0.001971917997812711
"['age', 'city', 'first_name', 'gender']->name_prefix",0.0,1.0,1.0,1.0,False,0.006615470945802504
"['age', 'city', 'first_name', 'name_prefix']->gender",0.0,1.0,1.0,1.0,False,0.9789942181376219
"['birth_place', 'city', 'download_month', 'first_name']->race",0.0,1.0,1.0,1.0,False,0.18773769747957836
"['city', 'download_month', 'first_name', 'name_suffix']->race",0.0,1.0,1.0,1.0,False,0.9549999999999998
"['city', 'download_month', 'ethnic', 'first_name']->race",1.0,1.0,1.0,1.0,False,0.016942352897401314
"['age', 'birth_place', 'download_month', 'first_name']->race",0.0,1.0,1.0,1.0,False,0.2013726540636851
"['birth_place', 'full_phone_num', 'middle_name', 'register_date', 'zip_code']->race",0.0,1.0,1.0,1.0,False,0.6910000000000043
"['full_phone_num', 'gender', 'middle_name', 'register_date', 'zip_code']->ethnic",0.0,1.0,1.0,1.0,False,0.6589999999999949
"['birth_place', 'city', 'full_phone_num', 'middle_name', 'register_date']->race",0.0,1.0,1.0,1.0,False,0.6910000000000043
"['age', 'full_phone_num', 'middle_name', 'zip_code']->race",0.0,1.0,1.0,1.0,False,0.6590000000000051
"['age', 'birth_place', 'city', 'full_phone_num', 'middle_name']->race",0.0,1.0,1.0,1.0,False,0.6910000000000043
"['middle_name', 'register_date', 'zip_code']->name_suffix",0.0,1.0,1.0,1.0,False,0.15276491537345505
"['middle_name', 'register_date', 'zip_code']->name_prefix",0.0,1.0,1.0,1.0,False,0.15287325397697804
"['age', 'middle_name', 'register_date', 'zip_code']->ethnic",0.0,1.0,1.0,1.0,False,0.15163154087995256
"['age', 'download_month', 'middle_name', 'register_date', 'zip_code']->full_phone_num",0.0,1.0,1.0,1.0,False,0.14964862084838393
"['age', 'middle_name', 'race', 'register_date', 'zip_code']->full_phone_num",0.0,1.0,1.0,1.0,False,0.14994558193191088
"['age', 'gender', 'middle_name', 'register_date', 'zip_code']->full_phone_num",0.0,1.0,1.0,1.0,False,0.14972937498381034
"['age', 'gender', 'middle_name', 'register_date', 'zip_code']->birth_place",0.0,1.0,1.0,1.0,False,0.15075563917283208
"['birth_place', 'gender', 'middle_name', 'register_date', 'zip_code']->ethnic",0.0,1.0,1.0,1.0,False,0.2925722230082445
"['download_month', 'middle_name', 'register_date', 'zip_code']->race",0.0,1.0,1.0,1.0,False,0.15349755813330868
"['download_month', 'gender', 'middle_name', 'register_date', 'zip_code']->ethnic",0.0,1.0,1.0,1.0,False,0.1522344702138254
"['gender', 'middle_name', 'register_date', 'zip_code']->race",0.0,1.0,1.0,1.0,False,0.15418749383281072
"['city', 'middle_name', 'register_date']->name_suffix",0.0,1.0,1.0,1.0,False,0.15543982192324224
"['age', 'city', 'middle_name', 'register_date']->ethnic",0.0,1.0,1.0,1.0,False,0.1535722230082437
"['age', 'city', 'download_month', 'middle_name', 'register_date']->full_phone_num",0.0,1.0,1.0,1.0,False,0.14986482779648458
"['age', 'city', 'middle_name', 'race', 'register_date']->full_phone_num",0.0,1.0,1.0,1.0,False,0.15059420277621505
"['age', 'city', 'gender', 'middle_name', 'register_date']->full_phone_num",0.0,1.0,1.0,1.0,False,0.15016178888001352
"['age', 'city', 'gender', 'middle_name', 'register_date']->birth_place",0.0,1.0,1.0,1.0,False,0.15190247139108037
"['city', 'download_month', 'middle_name', 'register_date']->race",0.0,1.0,1.0,1.0,False,0.15606759135233106
"['city', 'download_month', 'middle_name', 'register_date']->name_prefix",0.0,1.0,1.0,1.0,False,0.1531120421919443
"['city', 'gender', 'middle_name', 'register_date']->race",0.0,1.0,1.0,1.0,False,0.15740003535658864
"['age', 'download_month', 'middle_name', 'register_date']->name_prefix",0.0,1.0,1.0,1.0,False,0.1531120421919443
"['age', 'gender', 'middle_name', 'register_date']->name_suffix",0.0,1.0,1.0,1.0,False,0.1531104205626851
"['age', 'gender', 'middle_name', 'register_date']->ethnic",0.0,1.0,1.0,1.0,False,0.15565918768027265
"['age', 'gender', 'middle_name', 'register_date']->name_prefix",0.0,1.0,1.0,1.0,False,0.15322771800895718
"['middle_name', 'zip_code']->city",0.0,1.0,1.0,1.0,False,0.17085460693258736
"['age', 'middle_name', 'zip_code']->name_suffix",0.0,1.0,1.0,1.0,False,0.15496840089148078
"['age', 'gender', 'middle_name', 'zip_code']->name_prefix",0.0,1.0,1.0,1.0,False,0.15299871682365906
"['age', 'city', 'middle_name']->name_suffix",0.0,1.0,1.0,1.0,False,0.16131993393139843
"['age', 'city', 'gender', 'middle_name']->name_prefix",0.0,1.0,1.0,1.0,False,0.15780032909407826
"['age', 'full_phone_num', 'register_date', 'zip_code']->race",0.0,1.0,1.0,1.0,False,0.6146174606137753
"['age', 'birth_place', 'download_month', 'full_phone_num', 'register_date', 'zip_code']->name_suffix",0.0,1.0,1.0,1.0,False,0.6487266725491151
"['age', 'full_phone_num', 'gender', 'name_prefix', 'name_suffix', 'register_date', 'zip_code']->birth_place",0.0,1.0,1.0,1.0,False,1.0
"['age', 'full_phone_num', 'gender', 'register_date', 'zip_code']->ethnic",0.0,1.0,1.0,1.0,False,0.6126468940427567
"['download_month', 'full_phone_num', 'gender', 'register_date', 'zip_code']->city",0.0,1.0,1.0,1.0,False,0.6138082315854143
"['age', 'city', 'full_phone_num', 'register_date']->race",0.0,1.0,1.0,1.0,False,0.6139749523090197
"['age', 'birth_place', 'city', 'download_month', 'ethnic', 'full_phone_num', 'gender', 'register_date']->name_suffix",0.0,1.0,1.0,1.0,False,0.6480000000000035
"['age', 'city', 'full_phone_num', 'gender', 'name_suffix', 'register_date']->ethnic",0.0,1.0,1.0,1.0,False,0.983
"['age', 'full_phone_num', 'gender', 'zip_code']->city",0.0,1.0,1.0,1.0,False,0.6149313862400884
"['age', 'full_phone_num', 'gender', 'zip_code']->race",0.0,1.0,1.0,1.0,False,0.6178774295322997
"['age', 'download_month', 'ethnic', 'register_date', 'zip_code']->race",1.0,1.0,1.0,1.0,False,0.025598085261629655
"['age', 'gender', 'race', 'register_date', 'zip_code']->ethnic",1.0,1.0,1.0,1.0,False,0.025594973755965533
"['age', 'gender', 'register_date', 'zip_code']->city",1.0,1.0,1.0,1.0,False,0.01289044372142989
"['age', 'ethnic', 'gender', 'register_date', 'zip_code']->race",1.0,1.0,1.0,1.0,False,0.025445129149423207
"['age', 'city', 'gender', 'name_suffix', 'race', 'register_date']->ethnic",0.0,1.0,1.0,1.0,False,0.9556468940427637
"['age', 'city', 'ethnic', 'gender', 'register_date']->race",1.0,1.0,1.0,1.0,False,0.039596500703723225
